,016_driftX,016_driftY,018_driftX,018_driftY,010_driftX,010_driftY,020_driftX,020_driftY,006_driftX,006_driftY,014_driftX,014_driftY,004_driftX,004_driftY,002_driftX,002_driftY
0,9999.0,9999.0,9999.0,9999.0,9999.0,9999.0,9999.0,9999.0,9999.0,9999.0,9999.0,9999.0,9999.0,9999.0,9999.0,9999.0
1,0.01816403865814209,0.09208983182907104,0.1426757574081421,-0.16552734375,9999.0,9999.0,-0.48310546576976776,-0.15771484375,0.09638673067092896,0.20537108182907104,-0.19775390625,0.13300782442092896,-0.03164064884185791,0.11464843153953552,9999.0,9999.0
2,0.01904296875,0.08457031846046448,0.1424804925918579,-0.16132813692092896,9999.0,9999.0,-0.4833007752895355,-0.15839844942092896,0.10048830509185791,0.23203125596046448,-0.19707030057907104,0.13808593153953552,-0.03183591365814209,0.1103515625,9999.0,9999.0
3,0.017773449420928955,0.08632811903953552,0.13916015625,-0.15986329317092896,9999.0,9999.0,-0.4828124940395355,-0.16015625,0.09580075740814209,0.19248047471046448,-0.2001953125,0.13222655653953552,-0.03183591365814209,0.11708983778953552,9999.0,9999.0
4,0.01816403865814209,0.08271485567092896,0.13740235567092896,-0.1585937738418579,9999.0,9999.0,-0.48095703125,-0.16083985567092896,0.13251954317092896,0.24873048067092896,-0.19853514432907104,0.13271483778953552,-0.024707019329071045,0.11259764432907104,9999.0,9999.0
5,0.017285168170928955,0.08212891221046448,0.13916015625,-0.15742188692092896,9999.0,9999.0,-0.48125000298023224,-0.1622070074081421,9999.0,9999.0,-0.19775390625,0.12656250596046448,-0.027539074420928955,0.11503905057907104,9999.0,9999.0
6,0.020312488079071045,0.07939451932907104,0.1435546875,-0.1644531488418579,9999.0,9999.0,-0.48066405951976776,-0.16093748807907104,9999.0,9999.0,-0.19999998807907104,0.13271483778953552,-0.0146484375,0.12041014432907104,9999.0,9999.0
7,0.019238293170928955,0.0791015625,0.1416015625,-0.1548827886581421,9999.0,9999.0,-0.4823242127895355,-0.1640625,9999.0,9999.0,-0.19999998807907104,0.11884766817092896,-0.02333986759185791,0.12617188692092896,0.1869140863418579,0.5691406279802322
8,0.018359363079071045,0.07148438692092896,0.1426757574081421,-0.1634765863418579,0.4605468511581421,-0.1533203125,-0.4820312559604645,-0.16533201932907104,9999.0,9999.0,-0.20263671875,0.10664063692092896,-0.02333986759185791,0.12490233778953552,0.19072264432907104,0.5885742157697678
9,0.01904296875,0.06259766221046448,0.1415039300918579,-0.1625000238418579,9999.0,9999.0,-0.48828125,-0.1727539300918579,9999.0,9999.0,-0.20400390028953552,0.11962890625,-0.02197265625,0.13935548067092896,0.1903320550918579,0.5769531279802322
10,0.01865231990814209,0.05966797471046448,0.14013671875,-0.1558593511581421,0.13007813692092896,-0.047167956829071045,-0.48955078423023224,-0.1717773675918579,9999.0,9999.0,-0.20654296875,0.10751953721046448,-0.02158200740814209,0.13652342557907104,0.1922851800918579,0.5779296904802322
11,0.01455080509185791,0.07783204317092896,0.14033204317092896,-0.16386717557907104,9999.0,9999.0,-0.49150390923023224,-0.1729491949081421,0.3680664300918579,0.31611327826976776,-0.20419922471046448,0.12753906846046448,-0.01904296875,0.14492186903953552,0.18623048067092896,0.5625976547598839
12,0.01845705509185791,0.05996093153953552,0.1415039300918579,-0.1568359136581421,0.08056640625,-0.08759766817092896,-0.4942382872104645,-0.1747070550918579,9999.0,9999.0,-0.20771485567092896,0.10078126192092896,-0.02187502384185791,0.13613280653953552,0.189453125,0.5790039077401161
13,0.01220703125,0.05214843153953552,0.13994139432907104,-0.1610351800918579,-0.06660157442092896,-0.13896483182907104,-0.4935546815395355,-0.16767579317092896,0.37324219942092896,0.31367187201976776,-0.208984375,0.10126954317092896,-0.01962888240814209,0.13232421875,0.18378907442092896,0.5467773452401161
14,0.013671875,0.04921874403953552,0.13818359375,-0.15507811307907104,-0.18437498807907104,-0.1787109375,-0.49560546875,-0.17626953125,0.36738282442092896,0.3456054627895355,-0.20791015028953552,0.09746092557907104,-0.02138674259185791,0.13349610567092896,0.18574219942092896,0.5631835907697678
15,0.01123046875,0.072265625,0.13818359375,-0.15966796875,-0.18339842557907104,-0.1767578125,-0.48896484076976776,-0.16728514432907104,9999.0,9999.0,-0.20820313692092896,0.09785157442092896,-0.01953125,0.13457030057907104,0.1861327886581421,0.564453125
16,0.013378918170928955,0.06806641817092896,0.1382812261581421,-0.15947264432907104,-0.18564453721046448,-0.17919921875,-0.4891601502895355,-0.1664062738418579,0.37177735567092896,0.3173828125,-0.20361328125,0.09677734971046448,-0.018261730670928955,0.13955077528953552,0.18193358182907104,0.5618164055049419
17,0.014355480670928955,0.06318360567092896,0.1358398199081421,-0.15888673067092896,-0.18281251192092896,-0.1786133050918579,-0.42109374701976776,-0.1636718511581421,0.18212890625,0.29570312798023224,-0.20322266221046448,0.09843748807907104,0.00986325740814209,0.17568358778953552,0.17890626192092896,0.53955078125
18,0.013476550579071045,0.08017578721046448,0.13544923067092896,-0.1590820550918579,-0.18544921278953552,-0.1776367425918579,-0.3037109375,-0.1591796875,0.0361328125,0.26533202826976776,-0.20224609971046448,0.11640626192092896,0.046093761920928955,0.2828125059604645,0.1763671636581421,0.5331054702401161
19,0.005566418170928955,0.0771484375,0.10791015625,-0.15947264432907104,-0.18251952528953552,-0.17724609375,9999.0,9999.0,0.015625,0.25175781548023224,-0.20048826932907104,0.10996094346046448,0.03955078125,0.26533202826976776,9999.0,9999.0
20,-0.10029298067092896,-0.06376951932907104,0.016894519329071045,-0.1273437738418579,-0.18183594942092896,-0.17578125,9999.0,9999.0,0.011914074420928955,0.2671875059604645,-0.2001953125,0.11630859971046448,0.04208981990814209,0.2733398377895355,0.17451173067092896,0.5299804694950581
21,-0.13066405057907104,-0.08095705509185791,-0.016406238079071045,-0.11835938692092896,-0.18486326932907104,-0.17363280057907104,-0.17939454317092896,-0.13789063692092896,0.008593738079071045,0.2618164122104645,-0.09833985567092896,0.23984375596046448,0.041210949420928955,0.2660156190395355,0.1689453125,0.529296875
22,-0.1240234375,-0.09140622615814209,-0.015429675579071045,-0.12060546875,-0.18105468153953552,-0.17216795682907104,-0.18437498807907104,-0.1324218511581421,0.01220703125,0.2691406309604645,-0.07294923067092896,0.2918945252895355,0.039843738079071045,0.2626953125,0.1171875,0.6458007842302322
23,-0.12314450740814209,-0.09873044490814209,-0.01220703125,-0.1220703125,-0.18115234375,-0.17109376192092896,-0.18085938692092896,-0.1259765625,0.01259768009185791,0.26337890326976776,-0.08242189884185791,0.26689453423023224,0.03554689884185791,0.24013671278953552,0.13818359375,0.6900390684604645
24,-0.12148439884185791,-0.09736329317092896,-0.01328122615814209,-0.11796873807907104,-0.18144530057907104,-0.17041015625,-0.18115234375,-0.1285156011581421,0.010449230670928955,0.26435546576976776,-0.07480466365814209,0.28095702826976776,0.03378903865814209,0.24843749403953552,0.1371093988418579,0.6605468690395355
25,-0.1201171875,-0.09970700740814209,-0.013671875,-0.123046875,-0.17900389432907104,-0.1744140386581421,-0.17812499403953552,-0.11953127384185791,0.01064455509185791,0.2544921934604645,-0.07246094942092896,0.27851562201976776,0.034472644329071045,0.28925780951976776,0.12714844942092896,0.6513671875
26,-0.11835938692092896,-0.09462893009185791,-0.00986325740814209,-0.12568360567092896,-0.18115234375,-0.1728515625,-0.17822265625,-0.11757814884185791,0.01279294490814209,0.2505859434604645,-0.07499998807907104,0.26835937798023224,9999.0,9999.0,0.1292968988418579,0.6587890684604645
27,-0.115234375,-0.09833985567092896,-0.009960949420928955,-0.12666016817092896,-0.19023436307907104,-0.17216795682907104,-0.18251952528953552,-0.1250976324081421,0.01621091365814209,0.25732421875,-0.07011717557907104,0.2757812440395355,9999.0,9999.0,0.12919920682907104,0.6460937559604645
28,-0.11630856990814209,-0.09902346134185791,-0.018847644329071045,-0.1341797113418579,-0.23476561903953552,-0.18476563692092896,-0.18232423067092896,-0.12246096134185791,0.01904296875,0.26640625298023224,-0.07333981990814209,0.2632812559604645,9999.0,9999.0,0.12724608182907104,0.6388671845197678
29,-0.11337888240814209,-0.09824216365814209,9999.0,9999.0,-0.22763672471046448,-0.1817382574081421,-0.18056640028953552,-0.11347657442092896,0.01796877384185791,0.2679687440395355,-0.07275390625,0.28369140625,9999.0,9999.0,0.12617188692092896,0.62939453125
30,-0.11552733182907104,-0.10185545682907104,9999.0,9999.0,-0.22958984971046448,-0.17792969942092896,-0.18447265028953552,-0.11464846134185791,0.01699221134185791,0.26904296875,-0.10107421875,0.3262695372104645,9999.0,9999.0,0.12490236759185791,0.6156250014901161
31,-0.1171875,-0.10078126192092896,9999.0,9999.0,-0.22841796278953552,-0.1846679449081421,-0.18193358182907104,-0.10585939884185791,0.01650393009185791,0.25996093451976776,9999.0,9999.0,9999.0,9999.0,0.12246096134185791,0.6071289032697678
32,-0.11699217557907104,-0.10107421875,9999.0,9999.0,-0.23046875,-0.1836913824081421,-0.18466797471046448,-0.10634768009185791,0.013964831829071045,0.25996093451976776,9999.0,9999.0,9999.0,9999.0,0.12548828125,0.6337890625
33,-0.11601561307907104,-0.09902346134185791,9999.0,9999.0,-0.23095703125,-0.1854492425918579,-0.19062501192092896,-0.0947265625,0.01611328125,0.25908203423023224,9999.0,9999.0,9999.0,9999.0,0.12275391817092896,0.6180664077401161
34,-0.11796873807907104,-0.10234373807907104,9999.0,9999.0,-0.22773438692092896,-0.1834961175918579,9999.0,9999.0,0.01865231990814209,0.27470703423023224,9999.0,9999.0,9999.0,9999.0,0.12285155057907104,0.6158203110098839
35,-0.1162109375,-0.10039061307907104,9999.0,9999.0,-0.23105469346046448,-0.1800781488418579,9999.0,9999.0,0.02255856990814209,0.2757812440395355,9999.0,9999.0,9999.0,9999.0,0.11728513240814209,0.5859375
36,-0.11669921875,-0.10537111759185791,9999.0,9999.0,-0.23115235567092896,-0.1805664300918579,9999.0,9999.0,0.01943361759185791,0.26806640625,9999.0,9999.0,9999.0,9999.0,0.11767578125,0.6038085967302322
37,-0.11835938692092896,-0.10302734375,-0.38154296576976776,-0.21484375,-0.232421875,-0.17841798067092896,9999.0,9999.0,0.02695310115814209,0.2713867127895355,9999.0,9999.0,9999.0,9999.0,0.11533200740814209,0.6044921875
38,-0.11835938692092896,-0.10322266817092896,-0.37890625,-0.2164062261581421,-0.2533203065395355,-0.18701171875,9999.0,9999.0,0.029492199420928955,0.29248046875,9999.0,9999.0,9999.0,9999.0,0.11367189884185791,0.578125
39,-0.12031251192092896,-0.09462893009185791,-0.3760742247104645,-0.21699219942092896,9999.0,9999.0,9999.0,9999.0,0.03037106990814209,0.30253906548023224,9999.0,9999.0,9999.0,9999.0,0.11445313692092896,0.5944335907697678
40,9999.0,9999.0,-0.37568359076976776,-0.2171875238418579,9999.0,9999.0,9999.0,9999.0,0.0283203125,0.2997070252895355,9999.0,9999.0,9999.0,9999.0,0.11630856990814209,0.5964843779802322
41,9999.0,9999.0,-0.37578125298023224,-0.216796875,9999.0,9999.0,-0.20664063096046448,-0.09843748807907104,0.029980480670928955,0.29326172173023224,9999.0,9999.0,9999.0,9999.0,0.11123049259185791,0.5884765610098839
42,9999.0,9999.0,-0.37822265923023224,-0.2168945074081421,9999.0,9999.0,-0.20830076932907104,-0.08818358182907104,0.027050793170928955,0.3369140625,9999.0,9999.0,9999.0,9999.0,0.11767578125,0.61572265625
43,9999.0,9999.0,-0.38164062798023224,-0.2162109613418579,9999.0,9999.0,-0.20937499403953552,-0.08486330509185791,9999.0,9999.0,-0.04726564884185791,0.23984375596046448,9999.0,9999.0,0.11250001192092896,0.5814453139901161
44,9999.0,9999.0,-0.38720703125,-0.21601563692092896,9999.0,9999.0,-0.20878905057907104,-0.07675778865814209,9999.0,9999.0,-0.042285144329071045,0.259765625,9999.0,9999.0,0.11328125,0.56982421875
45,9999.0,9999.0,-0.3956054747104645,-0.216796875,9999.0,9999.0,-0.20468750596046448,-0.07783204317092896,9999.0,9999.0,-0.03867185115814209,0.2803710997104645,9999.0,9999.0,0.11894530057907104,0.6039062514901161
46,-0.16582030057907104,-0.12236326932907104,-0.40009765326976776,-0.2168945074081421,9999.0,9999.0,-0.19980469346046448,-0.0615234375,9999.0,9999.0,-0.03505861759185791,0.2933593690395355,9999.0,9999.0,0.11113280057907104,0.6011718735098839
47,-0.166015625,-0.1336914300918579,-0.40166015923023224,-0.2166992425918579,9999.0,9999.0,-0.19667968153953552,-0.056640625,9999.0,9999.0,-0.033398449420928955,0.29716797173023224,9999.0,9999.0,0.11074221134185791,0.5830078125
48,-0.16552734375,-0.140625,-0.39892578125,-0.2171875238418579,-0.2743164002895355,-0.17021483182907104,-0.19970703125,-0.05527341365814209,9999.0,9999.0,-0.02880859375,0.2876953184604645,9999.0,9999.0,0.11494141817092896,0.6134765595197678
49,-0.1650390625,-0.14404296875,-0.39335937798023224,-0.21699219942092896,-0.26806640625,-0.1802734136581421,-0.19785156846046448,-0.049609363079071045,9999.0,9999.0,-0.02890622615814209,0.29707030951976776,9999.0,9999.0,0.10859376192092896,0.5753906220197678
50,-0.16416016221046448,-0.1439453363418579,-0.3516601622104645,-0.2123047113418579,-0.2587890625,-0.18095701932907104,-0.19794923067092896,-0.055468738079071045,9999.0,9999.0,-0.02890622615814209,0.29296875,9999.0,9999.0,0.11357420682907104,0.58544921875
51,-0.16279298067092896,-0.14208984375,-0.35078126192092896,-0.21074217557907104,-0.2421875,-0.1861327886581421,-0.20156249403953552,-0.05996096134185791,9999.0,9999.0,-0.03134763240814209,0.2842773497104645,9999.0,9999.0,0.10585939884185791,0.5773437470197678
52,-0.16181641817092896,-0.1424804925918579,-0.34130859375,-0.21113282442092896,-0.23359376192092896,-0.1915038824081421,-0.20820313692092896,-0.06826174259185791,9999.0,9999.0,-0.030957043170928955,0.3016601502895355,9999.0,9999.0,0.10664063692092896,0.5711914077401161
53,-0.16191405057907104,-0.14082032442092896,-0.33544921875,-0.2098633050918579,-0.22705078125,-0.19121092557907104,9999.0,9999.0,9999.0,9999.0,-0.051464855670928955,0.2733398377895355,9999.0,9999.0,0.11279296875,0.5836914032697678
54,-0.15976563096046448,-0.14179688692092896,-0.328125,-0.2099609375,-0.22109374403953552,-0.1923828125,9999.0,9999.0,9999.0,9999.0,-0.053417980670928955,0.2974609434604645,9999.0,9999.0,0.10751950740814209,0.5591796860098839
55,-0.16874998807907104,-0.13945311307907104,-0.32343751192092896,-0.2098633050918579,-0.21523436903953552,-0.19169920682907104,9999.0,9999.0,9999.0,9999.0,-0.05410158634185791,0.29716797173023224,0.08681643009185791,0.75048828125,0.11494141817092896,0.5793945342302322
56,-0.3174804747104645,-0.12548828125,-0.32343751192092896,-0.2108398675918579,-0.19960936903953552,-0.1875,9999.0,9999.0,9999.0,9999.0,-0.05527341365814209,0.2930664122104645,0.09121096134185791,0.778515636920929,0.10722655057907104,0.5603515617549419
57,-0.4403320252895355,-0.11826169490814209,-0.32597655057907104,-0.20869141817092896,-0.19169920682907104,-0.18779295682907104,9999.0,9999.0,9999.0,9999.0,9999.0,9999.0,0.08857423067092896,0.7618164122104645,0.10195314884185791,0.5523437485098839
58,-0.5157226547598839,-0.12001955509185791,-0.32636719942092896,-0.21064454317092896,-0.18203124403953552,-0.18583983182907104,9999.0,9999.0,9999.0,9999.0,-0.06015622615814209,0.2734375,0.08779299259185791,0.7616210877895355,0.10869139432907104,0.5899414047598839
59,-0.5159179717302322,-0.12099611759185791,-0.32763671875,-0.2119140625,-0.17939454317092896,-0.1859375238418579,9999.0,9999.0,9999.0,9999.0,-0.057910144329071045,0.29570312798023224,0.09111326932907104,0.779492199420929,0.07919919490814209,0.7992187440395355
60,-0.5145507827401161,-0.11806643009185791,-0.32685548067092896,-0.21308594942092896,-0.17500001192092896,-0.1834961175918579,9999.0,9999.0,9999.0,9999.0,-0.05507814884185791,0.28486327826976776,0.08388674259185791,0.75048828125,0.05849611759185791,1.119433581829071
61,-0.513671875,-0.11367189884185791,-0.24941405653953552,-0.2074218988418579,-0.17529296875,-0.18623048067092896,9999.0,9999.0,9999.0,9999.0,-0.05751955509185791,0.2959960997104645,0.08369141817092896,0.7440429627895355,0.03369140625,1.5149414539337158
62,-0.51220703125,-0.10898435115814209,-0.12119138240814209,-0.17705076932907104,-0.17177733778953552,-0.1859375238418579,9999.0,9999.0,9999.0,9999.0,-0.051074206829071045,0.32500000298023224,0.08310544490814209,0.751757800579071,0.027050793170928955,1.5510742664337158
63,-0.5113281235098839,-0.10595703125,-0.05869138240814209,-0.1756836175918579,-0.17275390028953552,-0.18730467557907104,9999.0,9999.0,9999.0,9999.0,-0.053906261920928955,0.31416015326976776,0.08515626192092896,0.7468750029802322,0.035839855670928955,1.5617187023162842
64,-0.5109374970197678,-0.1025390625,-0.05849611759185791,-0.18505859375,-0.16357421875,-0.19169920682907104,9999.0,9999.0,9999.0,9999.0,-0.05224609375,0.32792969048023224,0.07822263240814209,0.6068359389901161,0.036328136920928955,1.5576171875
65,-0.5100585967302322,-0.10107421875,-0.04873049259185791,-0.1839843988418579,-0.1630859375,-0.18681639432907104,9999.0,9999.0,9999.0,9999.0,-0.05039060115814209,0.33671875298023224,0.035839855670928955,0.41777344048023224,0.037402331829071045,1.5520508289337158
66,-0.5076171904802322,-0.09804689884185791,-0.043652355670928955,-0.1839843988418579,-0.16162109375,-0.1866210699081421,9999.0,9999.0,9999.0,9999.0,-0.04833984375,0.353515625,0.00869143009185791,0.26738281548023224,0.040332019329071045,1.5696289539337158
67,-0.5041015595197678,-0.107421875,-0.03505861759185791,-0.1890624761581421,-0.15605467557907104,-0.1885741949081421,9999.0,9999.0,9999.0,9999.0,-0.04824221134185791,0.36308594048023224,0.01308596134185791,0.27226562798023224,0.04580080509185791,1.587011694908142
68,-0.50146484375,-0.09990233182907104,-0.02792966365814209,-0.1929687261581421,-0.1591796875,-0.1958984136581421,9999.0,9999.0,0.03574216365814209,0.3734374940395355,-0.050976574420928955,0.33955077826976776,0.023144543170928955,0.29248046875,0.04335939884185791,1.566796898841858
69,-0.49980469048023224,-0.09990233182907104,-0.02011716365814209,-0.1957031488418579,9999.0,9999.0,9999.0,9999.0,0.03896486759185791,0.38544921576976776,-0.052050769329071045,0.32861328125,0.02392578125,0.28925780951976776,0.04726564884185791,1.587792992591858
70,-0.49287109076976776,-0.09365236759185791,-0.01406252384185791,-0.19755858182907104,9999.0,9999.0,9999.0,9999.0,0.03671872615814209,0.3661132752895355,-0.04433596134185791,0.35302734375,0.02353513240814209,0.28759765625,0.046582043170928955,1.570410132408142
71,-0.3368164002895355,-0.10195314884185791,-0.009960949420928955,-0.201171875,9999.0,9999.0,9999.0,9999.0,0.0419921875,0.39521484076976776,-0.042187511920928955,0.36640624701976776,0.030078113079071045,0.2962890565395355,0.045703113079071045,1.568261742591858
72,-0.16855469346046448,-0.10986328125,9.763240814208984e-05,-0.20361328125,9999.0,9999.0,-0.29638671875,-0.07988280057907104,0.032910168170928955,0.36347655951976776,-0.035449206829071045,0.36640624701976776,0.029589831829071045,0.3233398497104645,0.04931640625,1.5685546398162842
73,-0.15537109971046448,-0.10468751192092896,0.005859375,-0.20390623807907104,9999.0,9999.0,-0.2916015684604645,-0.05576169490814209,0.040234386920928955,0.39013671875,-0.03271484375,0.38115234673023224,0.03271484375,0.3285156190395355,0.0546875,1.575097680091858
74,-0.15205079317092896,-0.10458981990814209,0.00839841365814209,-0.20332032442092896,9999.0,9999.0,-0.2989257872104645,-0.06650388240814209,0.042285144329071045,0.3797851577401161,-0.03183591365814209,0.3929687514901161,0.03525388240814209,0.357421875,0.05214846134185791,1.5906250476837158
75,-0.15224608778953552,-0.09980469942092896,0.01816403865814209,-0.2074218988418579,-0.09121096134185791,-0.19208985567092896,-0.29814451932907104,-0.056640625,0.04599606990814209,0.3759765625,-0.030566394329071045,0.39912109076976776,0.03134763240814209,0.3397460877895355,-0.024218738079071045,1.75048828125
76,-0.15068358182907104,-0.09833985567092896,0.01953125,-0.2095702886581421,-0.09003907442092896,-0.197265625,-0.30439454317092896,-0.059863269329071045,0.046679675579071045,0.3519531190395355,-0.02841794490814209,0.39667968451976776,0.038867175579071045,0.3636718690395355,-0.09882813692092896,1.719335913658142
77,-0.14892578125,-0.0947265625,0.00625002384185791,-0.20947265625,-0.09648436307907104,-0.1952148675918579,-0.31767576932907104,-0.059374988079071045,0.04550778865814209,0.33935546875,-0.024609386920928955,0.4048828110098839,0.033398449420928955,0.35527344048023224,-0.10029298067092896,1.75390625
78,-0.14736327528953552,-0.09062498807907104,9999.0,9999.0,-0.08769530057907104,-0.1982421875,-0.3301757872104645,-0.060742199420928955,0.03945314884185791,0.3125976622104645,-0.02597653865814209,0.38789062201976776,0.035449206829071045,0.3506835997104645,-0.10302734375,1.7578125
79,-0.14697265625,-0.09238278865814209,9999.0,9999.0,-0.08623045682907104,-0.19941407442092896,-0.35078126192092896,-0.07021486759185791,0.04091799259185791,0.3023437559604645,-0.020312488079071045,0.4161132797598839,0.031933605670928955,0.34394530951976776,-0.10224610567092896,1.775488257408142
80,-0.14658203721046448,-0.08837890625,9999.0,9999.0,-0.08994138240814209,-0.1998046636581421,-0.3685546815395355,-0.08232420682907104,0.0380859375,0.29511718451976776,-0.02685546875,0.4013671875,0.033496081829071045,0.3641601502895355,-0.107421875,1.758691430091858
81,-0.14892578125,-0.08837890625,9999.0,9999.0,-0.08525389432907104,-0.20097655057907104,-0.3885742127895355,-0.08378905057907104,-0.01357424259185791,0.3555664122104645,-0.02646481990814209,0.43193359673023224,0.03457033634185791,0.3524414002895355,-0.10263669490814209,1.7951171398162842
82,-0.14667969942092896,-0.0810546875,9999.0,9999.0,-0.08281248807907104,-0.2032226324081421,-0.3716796934604645,-0.08935546875,-0.11689454317092896,0.48271484300494194,-0.02304685115814209,0.4180664047598839,0.040332019329071045,0.3480468690395355,-0.10029298067092896,1.795019507408142
83,-0.14697265625,-0.07939451932907104,9999.0,9999.0,-0.08359372615814209,-0.20244139432907104,-0.3482421934604645,-0.09697264432907104,-0.25859373807907104,0.8677734434604645,-0.02099609375,0.45166015625,0.15546876192092896,0.29912109673023224,-0.09355467557907104,1.8193359375
84,-0.22734373807907104,-0.08652341365814209,0.00039064884185791016,-0.19160157442092896,-0.08134764432907104,-0.2046874761581421,-0.353515625,-0.09853518009185791,-0.3099609315395355,1.325390636920929,-0.0185546875,0.4253906235098839,0.2689453363418579,0.2567382752895355,-0.08554685115814209,1.871191382408142
85,-0.34521484375,-0.024121105670928955,-0.003222644329071045,-0.1903320550918579,-0.0869140625,-0.2041991949081421,-0.3550781309604645,-0.09394532442092896,-0.3135742247104645,1.6823241710662842,-0.022265613079071045,0.4457031264901161,0.27519530057907104,0.21855467557907104,-0.07851564884185791,1.893164038658142
86,-0.3792968690395355,0.029980480670928955,-0.01611328125,-0.1869140863418579,-0.08173829317092896,-0.20458984375,-0.361328125,-0.10322266817092896,-0.3163085877895355,1.71875,-0.02304685115814209,0.43896484375,9999.0,9999.0,-0.07792967557907104,1.8986327648162842
87,-0.37919922173023224,0.028027355670928955,-0.01904296875,-0.1864258050918579,-0.08349609375,-0.2040039300918579,-0.3555664122104645,-0.10068356990814209,-0.3192382752895355,1.712988257408142,-0.02333986759185791,0.4267578125,9999.0,9999.0,-0.07216799259185791,1.94873046875
88,-0.37675781548023224,0.03212890028953552,-0.026660144329071045,-0.1834961175918579,-0.08232420682907104,-0.2010742425918579,-0.34765625,-0.08417969942092896,-0.31220704317092896,1.7355468273162842,-0.02333986759185791,0.44599609449505806,9999.0,9999.0,-0.072265625,1.9714844226837158
89,-0.37255859375,0.037402331829071045,-0.02587890625,-0.1810547113418579,-0.10000002384185791,-0.19648438692092896,-0.34326171875,-0.08251953125,-0.3125976622104645,1.7155272960662842,-0.05019533634185791,0.40361328423023224,9999.0,9999.0,-0.06826174259185791,1.9958984851837158
90,-0.37158203125,0.04541015625,-0.027050793170928955,-0.18144530057907104,-0.09648436307907104,-0.19609373807907104,-0.3394531309604645,-0.07597655057907104,-0.31367188692092896,1.707128882408142,-0.05166018009185791,0.40800781548023224,9999.0,9999.0,-0.060839831829071045,2.047656297683716
91,-0.3719726502895355,0.04873046278953552,-0.02578127384185791,-0.17841798067092896,-0.09248048067092896,-0.1885741949081421,-0.33037108182907104,-0.06367188692092896,-0.3124023377895355,1.697656273841858,-0.05117189884185791,0.41865234076976776,9999.0,9999.0,-0.05898439884185791,2.053320288658142
92,-0.36933594942092896,0.041210949420928955,-0.02451169490814209,-0.1753906011581421,-0.09326171875,-0.1846679449081421,-0.32568359375,-0.061328113079071045,-0.3109374940395355,1.6837890148162842,-0.053027331829071045,0.42138671875,9999.0,9999.0,-0.05117189884185791,2.098046898841858
93,-0.369140625,0.047167956829071045,-0.031933605670928955,-0.1781250238418579,-0.08623045682907104,-0.1729491949081421,-0.3148437440395355,-0.04111325740814209,-0.31171876192092896,1.682519555091858,-0.0517578125,0.4312499985098839,9999.0,9999.0,-0.042773425579071045,2.162890672683716
94,-0.36845701932907104,0.04599609971046448,9999.0,9999.0,-0.0849609375,-0.1675781011581421,-0.31474608182907104,-0.05087888240814209,-0.31279295682907104,1.6813476085662842,-0.0517578125,0.43671874701976776,0.3755859136581421,0.2647460997104645,-0.03476560115814209,2.19287109375
95,-0.3687500059604645,0.032910168170928955,9999.0,9999.0,-0.08466798067092896,-0.1534179449081421,-0.30859375,-0.043652355670928955,-0.31669920682907104,1.67431640625,-0.048535168170928955,0.4574218764901161,9999.0,9999.0,-0.02382814884185791,2.225000023841858
96,-0.3681640625,0.033886730670928955,9999.0,9999.0,-0.07763671875,-0.1410156488418579,-0.30156248807907104,-0.023144543170928955,-0.31396484375,1.668847680091858,-0.05068361759185791,0.45634765550494194,9999.0,9999.0,-0.00937497615814209,2.276074171066284
97,-0.36572265625,0.033007800579071045,9999.0,9999.0,-0.07763671875,-0.11708986759185791,-0.29755860567092896,-0.01699221134185791,-0.31416016817092896,1.6803710460662842,-0.04794919490814209,0.4873046875,9999.0,9999.0,9999.0,9999.0
98,-0.3638671934604645,0.03945311903953552,9999.0,9999.0,-0.07167971134185791,-0.10517579317092896,-0.29052734375,-0.00283205509185791,-0.3121093809604645,1.675683617591858,-0.04091799259185791,0.49677734379656613,9999.0,9999.0,9999.0,9999.0
99,-0.3643554747104645,0.030468761920928955,9999.0,9999.0,-0.07050782442092896,-0.09189450740814209,-0.2818359434604645,0.016992181539535522,-0.3080078065395355,1.6979491710662842,-0.03574216365814209,0.5154296876862645,9999.0,9999.0,9999.0,9999.0
100,-0.3642578125,0.040722668170928955,9999.0,9999.0,-0.07451170682907104,-0.09443360567092896,-0.2835937440395355,0.014355480670928955,-0.30146485567092896,1.7023437023162842,-0.037402331829071045,0.48359375074505806,9999.0,9999.0,9999.0,9999.0
101,-0.36376953125,0.036328136920928955,9999.0,9999.0,-0.07207030057907104,-0.08320313692092896,-0.265625,0.031054675579071045,-0.29902344942092896,1.692480444908142,-0.02451169490814209,0.514062499627471,0.3680664300918579,0.21875,9999.0,9999.0
102,9999.0,9999.0,0.2235351800918579,-0.13056641817092896,-0.0732421875,-0.0693359375,-0.2630859315395355,0.036328136920928955,-0.2953124940395355,1.70703125,-0.0224609375,0.51123046875,9999.0,9999.0,9999.0,9999.0
103,9999.0,9999.0,0.2164062261581421,-0.1446288824081421,-0.07861328125,-0.08076173067092896,-0.25810545682907104,0.04404297471046448,-0.29511719942092896,1.686621069908142,-0.01865231990814209,0.5242187492549419,9999.0,9999.0,9999.0,9999.0
104,9999.0,9999.0,0.22041016817092896,-0.15742188692092896,-0.07373046875,-0.07470703125,-0.24912109971046448,0.05800780653953552,-0.29423826932907104,1.6965820789337158,-0.003613293170928955,0.5578125007450581,9999.0,9999.0,0.3953125476837158,0.6071289032697678
105,9999.0,9999.0,0.22119140625,-0.1630859375,-0.07050782442092896,-0.07558596134185791,-0.240234375,0.06660157442092896,-0.29414063692092896,1.692285180091858,-0.00966799259185791,0.5738281235098839,9999.0,9999.0,0.23681640625,0.8443359434604645
106,9999.0,9999.0,0.2293945550918579,-0.16865235567092896,-0.07294923067092896,-0.08466798067092896,-0.24091798067092896,0.055957019329071045,-0.23447266221046448,1.432421863079071,-0.00986325740814209,0.5861328095197678,9999.0,9999.0,0.21269530057907104,0.926562488079071
107,9999.0,9999.0,0.24150389432907104,-0.17705076932907104,-0.07138669490814209,-0.08681643009185791,-0.23388671875,0.07294923067092896,-0.23613280057907104,1.216894507408142,-0.005175769329071045,0.6260742247104645,9999.0,9999.0,0.2081054449081421,0.9273437559604645
108,9999.0,9999.0,0.24824219942092896,-0.1805664300918579,-0.0439453125,-0.10781252384185791,-0.23369139432907104,0.07529297471046448,-0.24443358182907104,1.212011694908142,0.00234377384185791,0.6461914032697678,0.388671875,0.2928710877895355,0.21503907442092896,0.957324206829071
109,9999.0,9999.0,0.255859375,-0.185546875,-0.06269532442092896,-0.10810548067092896,-0.22832030057907104,0.08291015028953552,-0.23515623807907104,1.221289038658142,-0.004199206829071045,0.6436523497104645,9999.0,9999.0,0.2132812738418579,0.998046875
110,-0.15273436903953552,-0.06650388240814209,0.2676757574081421,-0.19072264432907104,-0.07167971134185791,-0.12089842557907104,-0.22958984971046448,0.08935546875,-0.23378905653953552,1.215429663658142,-0.00253903865814209,0.6685546934604645,0.3768554925918579,0.28662109375,0.2230468988418579,0.947070300579071
111,-0.15156251192092896,-0.07626950740814209,0.27568358182907104,-0.19257813692092896,-0.07695311307907104,-0.1270507574081421,-0.22275391221046448,0.09970703721046448,-0.23212891817092896,1.222070336341858,0.00048828125,0.6647460907697678,9999.0,9999.0,0.22705078125,0.9691406190395355
112,-0.14804688096046448,-0.08251953125,0.2784179449081421,-0.18994140625,-0.08798825740814209,-0.1280273199081421,-0.22343748807907104,0.11445313692092896,-0.22841796278953552,1.213671863079071,-0.0013672113418579102,0.6866210997104645,9999.0,9999.0,0.2245117425918579,0.938671886920929
113,-0.1474609375,-0.08603513240814209,0.279296875,-0.1875976324081421,-0.09150391817092896,-0.14082032442092896,-0.22197264432907104,0.12929686903953552,-0.22929686307907104,1.196874976158142,0.00380861759185791,0.71630859375,9999.0,9999.0,0.23017579317092896,0.8990234434604645
114,-0.14687499403953552,-0.07558596134185791,0.2748047113418579,-0.18144530057907104,-0.0947265625,-0.1454101800918579,-0.22519531846046448,0.12714844942092896,-0.22451171278953552,1.215039074420929,0.00722658634185791,0.6985351592302322,9999.0,9999.0,0.23486328125,0.951464831829071
115,-0.14462891221046448,-0.07753908634185791,0.26396483182907104,-0.1734374761581421,-0.08925783634185791,-0.14082032442092896,-0.224609375,0.11484375596046448,-0.22011718153953552,1.212792992591858,0.006152331829071045,0.7279296815395355,9999.0,9999.0,0.23994141817092896,0.919726550579071
116,-0.14765626192092896,-0.07392579317092896,0.25605469942092896,-0.1717773675918579,-0.09013670682907104,-0.14814454317092896,-0.22060546278953552,0.15566405653953552,-0.21796876192092896,1.20263671875,0.009082019329071045,0.7195312529802322,9999.0,9999.0,0.24824219942092896,0.9559570252895355
117,-0.15097656846046448,-0.08632814884185791,0.23974609375,-0.16777342557907104,-0.08984375,-0.13701170682907104,-0.22128906846046448,0.13056641817092896,-0.2109375,1.203906238079071,0.00869143009185791,0.7370117157697678,9999.0,9999.0,0.2451171875,0.9466796815395355
118,-0.15253907442092896,-0.08535158634185791,0.22705078125,-0.16435545682907104,-0.0908203125,-0.142578125,-0.22783201932907104,0.12636718153953552,-0.20166015625,1.215722680091858,0.00634765625,0.7171874940395355,9999.0,9999.0,0.24658203125,0.944531261920929
119,-0.15468749403953552,-0.08339846134185791,0.21796876192092896,-0.1583007574081421,-0.08515626192092896,-0.13847655057907104,-0.2314453125,0.12246093153953552,-0.19511717557907104,1.195019543170929,0.005664050579071045,0.6771484315395355,9999.0,9999.0,0.240234375,0.94091796875
120,-0.15566405653953552,-0.08603513240814209,0.20976561307907104,-0.1576172113418579,-0.07753908634185791,-0.140625,-0.23564451932907104,0.10732421278953552,-0.18613281846046448,1.195410132408142,-0.0015624761581420898,0.68212890625,0.07578122615814209,0.876171886920929,0.28193360567092896,1.039160132408142
121,-0.15810546278953552,-0.08955079317092896,0.2027343511581421,-0.15556639432907104,-0.07919919490814209,-0.13984376192092896,-0.24863281846046448,0.06855469942092896,-0.10869139432907104,0.97119140625,0.00283205509185791,0.6727539002895355,0.08212888240814209,0.8858398497104645,0.28369140625,1.110644519329071
122,-0.15976563096046448,-0.08779299259185791,0.11210936307907104,-0.16874998807907104,-0.08652341365814209,-0.12294924259185791,-0.25214844942092896,0.05166015028953552,-0.07246094942092896,0.6161132827401161,0.0005859136581420898,0.6758789122104645,0.08613282442092896,0.899609386920929,0.2744140625,1.081738293170929
123,-0.16171875596046448,-0.09033203125,-0.009570300579071045,-0.16943359375,-0.08466798067092896,-0.12314450740814209,-0.2660156190395355,0.0054687559604644775,-0.04931640625,0.35576172173023224,0.0048828125,0.6833007782697678,0.08603513240814209,0.8931640684604645,9999.0,9999.0
124,-0.16396483778953552,-0.08720701932907104,-0.02675783634185791,-0.16943359375,-0.07802736759185791,-0.11562502384185791,-0.27861326932907104,-0.02001953125,-0.008593738079071045,0.22246092557907104,0.00634765625,0.6605468690395355,0.08476561307907104,0.886425793170929,0.26738280057907104,1.071093738079071
125,-0.166015625,-0.08681643009185791,-0.03525388240814209,-0.1626952886581421,-0.06826174259185791,-0.10800778865814209,-0.29248046875,-0.04355466365814209,-0.011523425579071045,0.2294921875,0.01279294490814209,0.6951171904802322,0.08173829317092896,0.8741210997104645,0.2601562738418579,1.098242163658142
126,-0.16953125596046448,-0.08027344942092896,-0.03554689884185791,-0.166015625,-0.06513673067092896,-0.10732424259185791,-0.30009764432907104,-0.06484377384185791,-0.0068359375,0.23037108778953552,0.016894519329071045,0.6994140595197678,0.08173829317092896,0.8716796934604645,0.25341796875,1.016406238079071
127,9999.0,9999.0,-0.033984363079071045,-0.1649414300918579,-0.06113278865814209,-0.10781252384185791,-0.3109374940395355,-0.083984375,-0.003613293170928955,0.23955076932907104,0.020312488079071045,0.6874023377895355,0.07871091365814209,0.8541015684604645,0.23798829317092896,0.9859375059604645
128,9999.0,9999.0,-0.031054675579071045,-0.1590820550918579,-0.06044924259185791,-0.10458981990814209,-0.3160156309604645,-0.08291018009185791,0.00234377384185791,0.22431641817092896,0.023632824420928955,0.6983398497104645,0.041015625,0.9913085997104645,0.23046875,0.98974609375
129,9999.0,9999.0,-0.032031238079071045,-0.14873045682907104,-0.06210935115814209,-0.10595703125,-0.3251953125,-0.09599608182907104,0.00341796875,0.24208983778953552,0.030566394329071045,0.7316406220197678,-0.03603518009185791,1.250585913658142,0.23095703125,0.979296863079071
130,9999.0,9999.0,-0.03359377384185791,-0.1410156488418579,-0.06396484375,-0.1083984375,-0.3218750059604645,-0.08437502384185791,0.00937497615814209,0.24521484971046448,0.022753894329071045,0.70068359375,-0.08027344942092896,1.362207055091858,0.2271484136581421,0.984667956829071
131,9999.0,9999.0,-0.04013669490814209,-0.1424804925918579,-0.06621092557907104,-0.10371094942092896,-0.31591796875,-0.07978516817092896,0.01523435115814209,0.25468750298023224,0.02138674259185791,0.7060546875,-0.08095705509185791,1.328320324420929,0.22265625,0.949902355670929
132,9999.0,9999.0,-0.0458984375,-0.1341797113418579,-0.06562501192092896,-0.10410153865814209,-0.3077148497104645,-0.06748044490814209,0.01621091365814209,0.2635742127895355,0.030566394329071045,0.7041015625,-0.08427733182907104,1.343359351158142,0.21699219942092896,0.9237304627895355
133,9999.0,9999.0,-0.052050769329071045,-0.12724608182907104,-0.07363283634185791,-0.10224610567092896,-0.2994140684604645,-0.06914061307907104,0.0166015625,0.2860351502895355,0.03261721134185791,0.7294921875,-0.08632814884185791,1.341699242591858,0.21064454317092896,0.9051757752895355
134,9999.0,9999.0,-0.052539050579071045,-0.125,-0.09433591365814209,-0.10605466365814209,-0.2865234315395355,-0.045117199420928955,0.0234375,0.2835937440395355,0.031445324420928955,0.7091796845197678,-0.08730471134185791,1.338769555091858,0.2051757574081421,0.9974609315395355
135,9999.0,9999.0,-0.05214846134185791,-0.13447266817092896,9999.0,9999.0,-0.2782226502895355,-0.03720700740814209,0.02783203125,0.3028320372104645,0.03994143009185791,0.7523437440395355,-0.08613282442092896,1.339941382408142,0.18876951932907104,1.395605444908142
136,9999.0,9999.0,-0.051562488079071045,-0.1255859136581421,9999.0,9999.0,-0.24736326932907104,-0.037109375,0.02431643009185791,0.27861328423023224,0.03408205509185791,0.756152331829071,-0.08779299259185791,1.344824194908142,0.17578125,1.8864257335662842
137,9999.0,9999.0,-0.053417980670928955,-0.12548828125,9999.0,9999.0,-0.2593750059604645,-0.032910168170928955,0.02724611759185791,0.2948242127895355,0.04941403865814209,0.7872070372104645,-0.08828127384185791,1.355566382408142,0.13037109375,2.295312523841858
138,9999.0,9999.0,-0.052539050579071045,-0.1332031488418579,9999.0,9999.0,-0.2533203065395355,-0.036914050579071045,0.032519519329071045,0.29472656548023224,0.04794919490814209,0.8169921934604645,-0.0908203125,1.356542944908142,0.1395508050918579,2.8739256858825684
139,9999.0,9999.0,-0.04970705509185791,-0.12841796875,9999.0,9999.0,-0.251953125,-0.03701174259185791,0.03369140625,0.2969726622104645,0.04638671875,0.781054675579071,-0.08798825740814209,1.396679699420929,0.1583007574081421,3.4791016578674316
140,9999.0,9999.0,-0.05087888240814209,-0.1268554925918579,9999.0,9999.0,-0.24970704317092896,-0.0234375,0.0341796875,0.3018554747104645,0.04941403865814209,0.8125,-0.0888671875,1.404980480670929,0.1480468511581421,3.5982422828674316
141,9999.0,9999.0,-0.046875,-0.1317383050918579,9999.0,9999.0,-0.2542968690395355,-0.031054675579071045,0.03994143009185791,0.26025390625,0.050000011920928955,0.8125,-0.08769530057907104,1.411914050579071,0.1514648199081421,3.638671875
142,9999.0,9999.0,-0.05087888240814209,-0.12763673067092896,-0.01083981990814209,-0.16064453125,-0.26396483182907104,-0.031933605670928955,0.05224609375,0.3231445252895355,0.05126953125,0.7596679627895355,-0.13925781846046448,1.5734374523162842,0.1517578363418579,3.649707078933716
143,9999.0,9999.0,-0.05322265625,-0.12246096134185791,-0.01210939884185791,-0.15625,-0.26875001192092896,-0.03759765625,0.053515613079071045,0.3296875059604645,0.06425780057907104,0.85107421875,-0.25146484375,1.7666015625,0.1458984613418579,3.629199266433716
144,9999.0,9999.0,-0.05312502384185791,-0.1220703125,-0.012011706829071045,-0.1534179449081421,-0.27001953125,-0.033496081829071045,0.05820310115814209,0.31914062798023224,0.0654296875,0.8426757752895355,-0.26708984375,1.831152319908142,0.1405273675918579,3.5655274391174316
145,9999.0,9999.0,-0.053027331829071045,-0.12392580509185791,-0.01083981990814209,-0.15263670682907104,-0.2738281190395355,-0.03759765625,0.07412111759185791,0.37109375,0.0712890625,0.863574206829071,-0.27128905057907104,1.8342773914337158,0.13789063692092896,3.55810546875
146,-0.2862304747104645,0.16689452528953552,-0.052539050579071045,-0.12480467557907104,-0.00722658634185791,-0.14775389432907104,-0.27978515625,-0.03720700740814209,0.06640625,0.32929687201976776,0.07578122615814209,0.861621081829071,-0.25810545682907104,1.8679687976837158,0.13671875,3.5501952171325684
147,-0.29218751192092896,0.062304675579071045,-0.05283200740814209,-0.1288086175918579,-0.007519543170928955,-0.15400391817092896,-0.2823242247104645,-0.043164074420928955,0.07832032442092896,0.3580078184604645,0.07958984375,0.886523425579071,-0.25761717557907104,1.871972680091858,0.1402343511581421,3.560742139816284
148,-0.28789061307907104,0.049609363079071045,-0.05361330509185791,-0.1298828125,-0.00537109375,-0.15693360567092896,-0.28242188692092896,-0.03964841365814209,0.07626950740814209,0.3497070372104645,0.08349609375,0.9032226502895355,-0.26347655057907104,1.871191382408142,0.13505858182907104,3.5347657203674316
149,-0.28857421875,0.021386712789535522,-0.05185544490814209,-0.13789063692092896,-0.0029296875,-0.1607421636581421,-0.2782226502895355,-0.023632824420928955,0.08232420682907104,0.3736328184604645,0.09208983182907104,0.962109386920929,-0.26054686307907104,1.8864257335662842,0.1341797113418579,3.5169920921325684
150,-0.28642576932907104,0.035351574420928955,-0.05185544490814209,-0.13212889432907104,-0.00380861759185791,-0.16484373807907104,-0.2724609375,-0.02304685115814209,0.0830078125,0.3770507797598839,0.09228515625,0.929394543170929,-0.26093751192092896,1.8782227039337158,0.1434570550918579,3.568359375
151,-0.28837889432907104,0.021289050579071045,-0.044921875,-0.14228516817092896,-0.0126953125,-0.1539062261581421,-0.26904296875,-0.02773439884185791,0.0869140625,0.39726562798023224,0.09609377384185791,0.9334960877895355,-0.26220703125,1.8896484375,0.14423829317092896,3.5575194358825684
152,-0.291015625,0.013378918170928955,-0.041210949420928955,-0.13496094942092896,-0.07900393009185791,-0.11455076932907104,-0.25537109375,0.0107421875,0.09091794490814209,0.4139648452401161,0.09833985567092896,0.9595703184604645,-0.2681640684604645,1.874902367591858,0.15654295682907104,3.5967774391174316
153,-0.29707032442092896,0.01806640625,-0.04208981990814209,-0.1341797113418579,-0.07626950740814209,-0.12021481990814209,-0.24648436903953552,0.0205078125,0.09511721134185791,0.42109374701976776,0.10947263240814209,0.991503894329071,-0.2740234434604645,1.8703124523162842,0.16474610567092896,3.6146483421325684
154,-0.3013671934604645,0.012304693460464478,-0.0380859375,-0.13398438692092896,-0.07685548067092896,-0.11093747615814209,-0.2392578125,0.027246087789535522,0.09941405057907104,0.42841796576976776,9999.0,9999.0,-0.26777344942092896,1.88916015625,0.1727539300918579,3.6073241233825684
155,-0.3031249940395355,0.011816412210464478,-0.03955078125,-0.13945311307907104,-0.07734376192092896,-0.10732424259185791,-0.23945313692092896,0.03466796875,0.10888671875,0.43330077826976776,0.1314452886581421,1.034472644329071,-0.2715820372104645,1.879492163658142,0.1859375238418579,3.658398389816284
156,-0.3042968809604645,0.014355480670928955,-0.039355456829071045,-0.1385742425918579,-0.07666015625,-0.10673826932907104,-0.2314453125,0.03945311903953552,0.11806643009185791,0.45527343824505806,9999.0,9999.0,-0.2757812440395355,1.8738281726837158,0.19804686307907104,3.693359375
157,-0.2978515625,0.017871081829071045,-0.03867185115814209,-0.13330078125,-0.07792967557907104,-0.10439455509185791,-0.23115235567092896,0.0380859375,0.12089842557907104,0.43681640923023224,0.14189451932907104,1.066601574420929,-0.28046876192092896,1.8748047351837158,0.2099609375,3.693359375
158,-0.29414063692092896,0.018261730670928955,-0.03564453125,-0.1366211175918579,-0.07607424259185791,-0.10341799259185791,-0.23085936903953552,0.03564453125,0.12382811307907104,0.4642578139901161,0.1458984613418579,1.096093773841858,-0.28535157442092896,1.8642578125,0.21699219942092896,3.693359375
159,-0.3177734315395355,0.019335925579071045,-0.031445324420928955,-0.13945311307907104,-0.07392579317092896,-0.09521484375,-0.23027342557907104,0.048535168170928955,0.1327148675918579,0.48447265662252903,0.14082032442092896,1.103515625,-0.28398436307907104,1.853613257408142,0.22119140625,3.693359375
160,-0.4803710877895355,0.10087889432907104,-0.02939450740814209,-0.14189451932907104,-0.0712890625,-0.10722655057907104,-0.23935547471046448,0.021679699420928955,0.1328125,0.46259765699505806,0.15058594942092896,1.122167944908142,-0.27900391817092896,1.8621094226837158,0.2203124761581421,3.693359375
161,-0.6290039061568677,0.18632811307907104,-0.025585949420928955,-0.1429687738418579,-0.06845700740814209,-0.11054688692092896,-0.24375000596046448,0.008007824420928955,0.13398438692092896,0.46162109449505806,0.14765626192092896,1.139746069908142,-0.28173828125,1.848046898841858,0.22050780057907104,3.693359375
162,-0.7303710952401161,0.2621093690395355,-0.02626955509185791,-0.14189451932907104,0.02890622615814209,-0.10234373807907104,-0.24746093153953552,0.0074218809604644775,0.1475585699081421,0.4814453125,0.1546875238418579,1.165624976158142,-0.2813476622104645,1.85009765625,0.21064454317092896,3.693359375
163,-0.7414062470197678,0.2989257872104645,-0.026171863079071045,-0.1431640386581421,0.22431641817092896,-0.10195314884185791,-0.2564453184604645,-0.00917971134185791,0.14472657442092896,0.46923828125,9999.0,9999.0,-0.2803710997104645,1.891699194908142,0.2054687738418579,3.693359375
164,-0.7526367157697678,0.31562499701976776,-0.02529299259185791,-0.1465820074081421,9999.0,9999.0,-0.2626953125,-0.026074230670928955,0.15283203125,0.478515625,0.29472655057907104,0.9190429747104645,-0.28154295682907104,1.984765648841858,0.19677734375,3.678417921066284
165,-0.7620117217302322,0.3944335952401161,-0.023632824420928955,-0.1395508050918579,9999.0,9999.0,-0.26826173067092896,-0.03017580509185791,0.15214842557907104,0.48984375037252903,9999.0,9999.0,-0.28857421875,1.9475586414337158,0.1961914300918579,3.62060546875
166,-0.7576171904802322,0.31220702826976776,-0.01904296875,-0.14384764432907104,9999.0,9999.0,-0.27685546875,-0.047656238079071045,0.1504882574081421,0.45849609375,9999.0,9999.0,-0.29052734375,1.951562523841858,0.2230468988418579,3.2640624046325684
167,-0.7647460997104645,0.357421875,-0.012890636920928955,-0.14677733182907104,0.7593749761581421,0.010449230670928955,-0.28515625,-0.054394543170928955,0.1566406488418579,0.4775390625,9999.0,9999.0,-0.29267579317092896,1.960839867591858,0.20654296875,2.833789110183716
168,-0.7702148407697678,0.3775390610098839,-0.00839841365814209,-0.1475585699081421,9999.0,9999.0,-0.28876954317092896,-0.058300793170928955,0.15751951932907104,0.47382812574505806,9999.0,9999.0,-0.29267579317092896,1.961523413658142,0.19316405057907104,2.7596678733825684
169,-0.7716796845197678,0.39501953125,-0.00429689884185791,-0.1446288824081421,0.7523437738418579,0.0146484375,-0.2891601622104645,-0.05605471134185791,0.15556639432907104,0.46318359300494194,9999.0,9999.0,-0.28837889432907104,1.9987304210662842,0.1958984136581421,2.7713866233825684
170,-0.7748046815395355,0.41425780951976776,-0.0015624761581420898,-0.1458984613418579,9999.0,9999.0,-0.28789061307907104,-0.0546875,0.15556639432907104,0.47646484337747097,0.4069335460662842,1.236230492591858,-0.2891601622104645,1.9919922351837158,0.19062501192092896,2.7489256858825684
171,-0.7759765684604645,0.42705078423023224,-0.00019532442092895508,-0.1502929925918579,9999.0,9999.0,-0.28105467557907104,-0.04697263240814209,0.15458983182907104,0.4676757827401161,0.16621094942092896,1.152148425579071,-0.28837889432907104,2.004785180091858,0.18632811307907104,2.735644578933716
172,-0.77734375,0.42158202826976776,-0.001269519329071045,-0.1494140625,9999.0,9999.0,-0.2796874940395355,-0.04599606990814209,0.15771484375,0.48476562462747097,0.1670898199081421,1.16259765625,-0.29374998807907104,2.001269578933716,0.1895507574081421,2.77685546875
173,-0.775390625,0.4019531235098839,0.00019532442092895508,-0.15507811307907104,9999.0,9999.0,-0.27294921875,-0.046191394329071045,0.15742188692092896,0.49570312490686774,0.16279298067092896,1.145214855670929,-0.2978515625,1.977636694908142,0.19169920682907104,2.7763671875
174,-0.7730468809604645,0.3929687514901161,0.001269519329071045,-0.1581054925918579,9999.0,9999.0,-0.27607423067092896,-0.04677736759185791,0.154296875,0.47695312462747097,0.1636718511581421,1.142578125,-0.30390626192092896,1.986718773841858,0.20185548067092896,2.8193359375
175,-0.7713867127895355,0.38496093451976776,0.002246081829071045,-0.15800780057907104,9999.0,9999.0,-0.27324217557907104,-0.04287111759185791,0.15644532442092896,0.47246093675494194,9999.0,9999.0,-0.30742186307907104,1.978515625,0.20820313692092896,2.82861328125
176,-0.7718749940395355,0.3790039047598839,0.00380861759185791,-0.1591796875,9999.0,9999.0,-0.2708984315395355,-0.049609363079071045,0.1591796875,0.49628906254656613,0.1600586175918579,1.113183617591858,-0.3056640625,2.003027319908142,0.21357423067092896,2.8514647483825684
177,-0.7737304717302322,0.36699219048023224,0.007128894329071045,-0.16386717557907104,9999.0,9999.0,-0.27421873807907104,-0.052734375,0.16044920682907104,0.5056640626862645,0.1640625,1.114160180091858,-0.30341798067092896,2.039941430091858,0.22021484375,2.876171827316284
178,-0.77490234375,0.3753906264901161,0.00791013240814209,-0.16943359375,9999.0,9999.0,-0.27392578125,-0.054003894329071045,0.1605468988418579,0.5028320313431323,0.1641601324081421,1.157421886920929,-0.30976563692092896,2.025976538658142,0.22343748807907104,2.88671875
179,-0.7795898467302322,0.37089844048023224,0.007031261920928955,-0.1712890863418579,9999.0,9999.0,-0.2699218690395355,-0.04941403865814209,0.1650390625,0.5208007805049419,0.15898436307907104,1.147558569908142,-0.314453125,2.018261671066284,0.22734373807907104,2.884765625
180,-0.7830078154802322,0.3773437514901161,0.0048828125,-0.1767578125,0.8557617664337158,-0.019335925579071045,-0.2684570252895355,-0.056445300579071045,0.16845703125,0.5325195305049419,0.1553710699081421,1.125292956829071,-0.3099609315395355,2.045507788658142,0.2349609136581421,2.909960985183716
181,-0.7850585877895355,0.38310547173023224,0.00380861759185791,-0.1805664300918579,9999.0,9999.0,-0.27324217557907104,-0.06044924259185791,0.17158204317092896,0.5457031242549419,0.1610351800918579,1.132617175579071,-0.3128906190395355,2.042871117591858,0.24267578125,2.914355516433716
182,-0.78857421875,0.38457031548023224,-0.0018554925918579102,-0.1810547113418579,9999.0,9999.0,-0.2733398377895355,-0.06718748807907104,0.17304688692092896,0.5471679680049419,9999.0,9999.0,-0.310546875,2.052441358566284,0.25019532442092896,2.9344725608825684
183,-0.7908203154802322,0.3853515610098839,-0.001953125,-0.17509764432907104,9999.0,9999.0,-0.2745117247104645,-0.061718761920928955,0.17431640625,0.5330078117549419,9999.0,9999.0,-0.3008789122104645,2.064062476158142,0.25117188692092896,2.9227538108825684
184,-0.7903320342302322,0.3902343735098839,-0.006054699420928955,-0.1856445074081421,9999.0,9999.0,-0.275390625,-0.06865233182907104,0.18242186307907104,0.5576171875,9999.0,9999.0,-0.3023437559604645,2.061621069908142,0.224609375,2.339257836341858
185,-0.78955078125,0.3985351547598839,-0.008593738079071045,-0.181640625,9999.0,9999.0,-0.2744140625,-0.06640625,0.17802733182907104,0.5596679672598839,9999.0,9999.0,-0.29853516817092896,2.068652391433716,0.1600586175918579,1.681054711341858
186,-0.79248046875,0.3975585922598839,-0.00937497615814209,-0.1844726800918579,9999.0,9999.0,-0.2725585997104645,-0.06210935115814209,0.177734375,0.5669921860098839,9999.0,9999.0,-0.2940429747104645,2.070019483566284,0.10869139432907104,1.090722680091858
187,-0.7890625,0.3775390610098839,-0.01406252384185791,-0.17744141817092896,9999.0,9999.0,-0.2596679627895355,-0.06357419490814209,0.181640625,0.6014648452401161,9999.0,9999.0,-0.2876953184604645,2.083105444908142,0.11962890625,0.9322265684604645
188,-0.7894531190395355,0.39824219048023224,-0.01513671875,-0.18183594942092896,0.8533203601837158,-0.05917966365814209,-0.26396483182907104,-0.05458986759185791,0.18212890625,0.5739257782697678,9999.0,9999.0,-0.2879882752895355,2.079394578933716,0.12216794490814209,0.923144519329071
189,-0.7845703065395355,0.3603515625,-0.016406238079071045,-0.18037110567092896,0.86083984375,-0.039843738079071045,-0.2574218809604645,-0.05478513240814209,0.18876951932907104,0.5860351547598839,9999.0,9999.0,-0.24990233778953552,1.862402319908142,0.12519532442092896,0.91748046875
190,-0.6843749992549419,0.37275390326976776,-0.012011706829071045,-0.1786133050918579,9999.0,9999.0,-0.25507813692092896,-0.0546875,0.18964844942092896,0.5989257842302322,9999.0,9999.0,-0.18720704317092896,1.307324230670929,0.13017576932907104,0.92626953125
191,-0.6207031249068677,0.27978515625,-0.00546872615814209,-0.17988282442092896,9999.0,9999.0,-0.25322264432907104,-0.05078125,0.1890624761581421,0.6076171845197678,9999.0,9999.0,-0.13164061307907104,0.864941418170929,0.12421876192092896,0.8675781190395355
192,-0.6251953125029104,0.2939453125,0.0015624761581420898,-0.1781250238418579,9999.0,9999.0,-0.2518554627895355,-0.05029296875,0.18388670682907104,0.5746093764901161,0.10224610567092896,0.927539050579071,-0.08281248807907104,0.6423828154802322,0.12480467557907104,0.89013671875
193,-0.6194335939362645,0.2646484375,0.00576174259185791,-0.17890626192092896,9999.0,9999.0,-0.25126951932907104,-0.055371105670928955,0.1826171875,0.5881835967302322,0.11240231990814209,0.979296863079071,-0.039843738079071045,0.5329101569950581,0.1280273199081421,0.8974609375
194,-0.6203124998137355,0.3008789122104645,0.010058581829071045,-0.1806640625,0.8458983898162842,-0.044140636920928955,-0.24912109971046448,-0.05068361759185791,0.18925780057907104,0.6277343779802322,0.11044919490814209,0.9657226502895355,-0.044726550579071045,0.5037109374534339,0.1285156011581421,0.8515625
195,-0.61767578125,0.28779296576976776,0.01318359375,-0.18408203125,9999.0,9999.0,-0.2544921934604645,-0.060351550579071045,0.18388670682907104,0.6015625,0.10888671875,0.959667980670929,-0.040234386920928955,0.5368164069950581,0.11591798067092896,0.865429699420929
196,-0.6181640625,0.30517578125,0.015820324420928955,-0.185546875,0.8352539539337158,-0.11650389432907104,-0.24960938096046448,-0.059374988079071045,0.1825195550918579,0.6045898422598839,0.11845701932907104,0.9574218690395355,-0.03818356990814209,0.53857421875,0.11289060115814209,0.87109375
197,-0.6185546875931323,0.3213867247104645,0.01357424259185791,-0.18828123807907104,9999.0,9999.0,-0.24882811307907104,-0.062207043170928955,0.1851562261581421,0.6261718720197678,9999.0,9999.0,-0.0400390625,0.48769531212747097,0.10986328125,0.840136706829071
198,-0.6124999998137355,0.3076171875,0.00937497615814209,-0.18281251192092896,0.8562500476837158,-0.07255858182907104,-0.25224608182907104,-0.07353514432907104,0.18330079317092896,0.6138671860098839,0.11738282442092896,0.9798828065395355,-0.03427731990814209,0.5506835952401161,0.111328125,0.8475585877895355
199,-0.610449219122529,0.29443359375,0.009472668170928955,-0.18085938692092896,9999.0,9999.0,-0.25703126192092896,-0.07480466365814209,0.18779295682907104,0.6553710997104645,9999.0,9999.0,-0.035351574420928955,0.51904296875,0.1700195074081421,0.8047851622104645
200,-0.603125000372529,0.2523437440395355,0.00439453125,-0.17939454317092896,9999.0,9999.0,-0.26093751192092896,-0.07900393009185791,0.18408203125,0.6504882872104645,0.10849606990814209,0.97900390625,-0.035351574420928955,0.52490234375,0.1454101800918579,0.82470703125
201,-0.600976562127471,0.2764648497104645,-0.00146484375,-0.18144530057907104,9999.0,9999.0,-0.2559570372104645,-0.07744139432907104,0.1805664300918579,0.6279296875,0.11044919490814209,0.9354492127895355,-0.033203125,0.5352539047598839,9999.0,9999.0
202,-0.5983398444950581,0.267578125,-0.007128894329071045,-0.1805664300918579,0.8600585460662842,-0.04970705509185791,-0.2572265565395355,-0.08251953125,0.1796875,0.6405273377895355,9999.0,9999.0,-0.037890613079071045,0.5104492185637355,0.1539062261581421,0.797656238079071
203,-0.4620117247104645,0.12050780653953552,-0.01230466365814209,-0.17998045682907104,9999.0,9999.0,-0.25068360567092896,-0.07871091365814209,0.1866210699081421,0.6638671904802322,0.1255859136581421,1.0244140625,-0.03466796875,0.49912109377328306,0.1493164300918579,0.786914050579071
204,-0.29179686307907104,-0.02255856990814209,-0.01328122615814209,-0.181640625,9999.0,9999.0,-0.2540039122104645,-0.0888671875,0.1830078363418579,0.6452148407697678,0.11591798067092896,0.976367175579071,0.09404295682907104,0.55908203125,0.1539062261581421,0.7930664122104645
205,-0.19384765625,-0.09785157442092896,-0.01083981990814209,-0.1820312738418579,0.6876952648162842,-0.041015625,-0.2523437440395355,-0.09970700740814209,0.1904296875,0.6701171845197678,0.11962890625,1.010644555091858,0.1307617425918579,0.528906250372529,0.1509765386581421,0.73046875
206,-0.19208985567092896,-0.09482419490814209,-0.010058581829071045,-0.18310546875,0.21074217557907104,-0.1493164300918579,-0.2518554627895355,-0.09218752384185791,0.19111329317092896,0.6742187440395355,0.11210936307907104,0.973828136920929,0.12060546875,0.5407226569950581,0.14189451932907104,0.763964831829071
207,-0.18720704317092896,-0.09511721134185791,-0.00546872615814209,-0.1827148199081421,0.05458986759185791,-0.1617187261581421,-0.24970704317092896,-0.10322266817092896,0.17207032442092896,0.66796875,0.11874997615814209,0.998828113079071,0.12392580509185791,0.526464844122529,0.13994139432907104,0.7445312440395355
208,-0.18505859375,-0.09267580509185791,-0.00634765625,-0.17744141817092896,0.04550778865814209,-0.15937501192092896,-0.2508789002895355,-0.10419923067092896,0.1841796636581421,0.6747070252895355,9999.0,9999.0,0.1181640625,0.5345703139901161,0.1439453363418579,0.7408203184604645
209,-0.18291014432907104,-0.0947265625,-0.003710925579071045,-0.1830078363418579,0.03750002384185791,-0.15058594942092896,-0.2520507872104645,-0.10498046875,0.1820312738418579,0.67236328125,0.11142575740814209,0.949511706829071,0.12099611759185791,0.513574218377471,0.1436523199081421,0.7389648407697678
210,-0.18173828721046448,-0.09121096134185791,-0.00253903865814209,-0.18095701932907104,0.03037106990814209,-0.14921873807907104,-0.24765625596046448,-0.0947265625,0.17578125,0.6405273377895355,0.09853518009185791,0.925097644329071,0.11943358182907104,0.515625,0.1341797113418579,0.7147460877895355
211,-0.17607420682907104,-0.08564454317092896,-0.003222644329071045,-0.1747070550918579,0.030468761920928955,-0.1517578363418579,-0.25273436307907104,-0.10244143009185791,0.17802733182907104,0.6371093690395355,0.10439455509185791,0.9251953065395355,0.11601561307907104,0.5007812500116415,0.13300782442092896,0.7399414032697678
212,-0.17373046278953552,-0.07470703125,-0.00595700740814209,-0.17236328125,0.03750002384185791,-0.1512695550918579,-0.24755859375,-0.08769530057907104,0.17509764432907104,0.6251953095197678,0.10244143009185791,0.85595703125,0.11562502384185791,0.5154296876862645,0.12841796875,0.7199218720197678
213,-0.17109376192092896,-0.06816405057907104,-0.009765625,-0.1639648675918579,0.036425769329071045,-0.1576172113418579,-0.24970704317092896,-0.09550780057907104,0.1678711175918579,0.6156250014901161,0.09541016817092896,0.907519519329071,0.11074221134185791,0.518457030877471,0.12470704317092896,0.7271484434604645
214,-0.10380858182907104,-0.1617187261581421,-0.013476550579071045,-0.15937501192092896,0.03671872615814209,-0.1534179449081421,-0.248046875,-0.1005859375,0.1698242425918579,0.6288085877895355,0.09414064884185791,0.911914050579071,0.10820311307907104,0.49746093759313226,0.13359373807907104,0.7616210877895355
215,-0.05126953125,-0.2046874761581421,-0.01748049259185791,-0.1556640863418579,0.03603518009185791,-0.1622070074081421,-0.25175780057907104,-0.09912109375,0.1651366949081421,0.6183593720197678,0.09033203125,0.8516601622104645,0.10468751192092896,0.48369140550494194,0.12177735567092896,0.7593750059604645
216,9999.0,9999.0,-0.018359363079071045,-0.1539062261581421,0.03408205509185791,-0.1552734375,-0.25263673067092896,-0.09648436307907104,0.1649414300918579,0.61962890625,0.08857423067092896,0.89892578125,0.10107421875,0.46406250074505806,0.12255859375,0.72314453125
217,9999.0,9999.0,-0.014843761920928955,-0.15693360567092896,0.01308596134185791,-0.158203125,-0.25537109375,-0.11269533634185791,0.1617187261581421,0.6292968690395355,0.08876955509185791,0.905957043170929,0.10146486759185791,0.45683593675494194,0.12431639432907104,0.7108398377895355
218,9999.0,9999.0,-0.016796886920928955,-0.1541992425918579,-0.031445324420928955,-0.1358398199081421,-0.2547851502895355,-0.09921872615814209,0.1600586175918579,0.6449218690395355,0.08749997615814209,0.948046863079071,0.09052735567092896,0.4736328125,0.12158203125,0.7254882752895355
219,9999.0,9999.0,-0.0166015625,-0.1583007574081421,-0.0341796875,-0.1470702886581421,-0.25566405057907104,-0.10410153865814209,0.1533203125,0.59375,0.09492188692092896,0.933300793170929,0.19697266817092896,0.25654296576976776,0.11933594942092896,0.7238281220197678
220,9999.0,9999.0,-0.022753894329071045,-0.1615234613418579,-0.03476560115814209,-0.14794921875,-0.25068360567092896,-0.11269533634185791,0.16435545682907104,0.6575195342302322,0.09433591365814209,0.9322265684604645,9999.0,9999.0,0.11630856990814209,0.7412109375
221,0.10976564884185791,-0.056640625,-0.022753894329071045,-0.15996092557907104,-0.04111325740814209,-0.14619141817092896,-0.2562499940395355,-0.11855471134185791,0.1572265625,0.6198242157697678,0.07880860567092896,1.007714867591858,9999.0,9999.0,0.11552733182907104,0.7286132872104645
222,0.11738282442092896,-0.053417980670928955,-0.02207028865814209,-0.16064453125,-0.04111325740814209,-0.1416015625,-0.25908201932907104,-0.11689454317092896,0.15898436307907104,0.6424804627895355,9999.0,9999.0,9999.0,9999.0,0.1123046875,0.7171874940395355
223,0.1260741949081421,-0.049511730670928955,-0.019824206829071045,-0.1600586175918579,-0.038378894329071045,-0.1513671875,-0.2562499940395355,-0.11806643009185791,0.15507811307907104,0.62060546875,9999.0,9999.0,9999.0,9999.0,0.11406248807907104,0.6769531220197678
224,0.1294921636581421,-0.05410158634185791,-0.02187502384185791,-0.1548827886581421,-0.03750002384185791,-0.1416015625,-0.2544921934604645,-0.11533200740814209,0.15605467557907104,0.6195312514901161,9999.0,9999.0,9999.0,9999.0,0.10478514432907104,0.68896484375
225,0.1319335699081421,-0.05312502384185791,-0.02207028865814209,-0.15742188692092896,-0.04238283634185791,-0.1485351324081421,-0.25371092557907104,-0.12021481990814209,0.1552734375,0.6163085922598839,9999.0,9999.0,9999.0,9999.0,0.11220705509185791,0.6853515654802322
226,0.13554686307907104,-0.058789074420928955,-0.02392578125,-0.15458983182907104,-0.17822265625,-0.10400390625,-0.2515625059604645,-0.12529295682907104,0.1546875238418579,0.6068359389901161,9999.0,9999.0,0.18925780057907104,0.30419921875,0.10800778865814209,0.6771484315395355
227,0.13427734375,-0.0556640625,-0.023242175579071045,-0.15380859375,-0.30537110567092896,-0.09501951932907104,-0.2518554627895355,-0.1201171875,0.15595704317092896,0.6226562485098839,9999.0,9999.0,9999.0,9999.0,0.1083984375,0.6624999940395355
228,0.14140623807907104,-0.05478513240814209,-0.024121105670928955,-0.15498048067092896,-0.3099609315395355,-0.09580075740814209,-0.2503906190395355,-0.1201171875,0.15263670682907104,0.5848632827401161,9999.0,9999.0,-0.00576174259185791,0.47285156324505806,0.10859376192092896,0.6732421815395355
229,0.14228516817092896,-0.056933581829071045,-0.0224609375,-0.1553710699081421,-0.3172851502895355,-0.09375,-0.2528320252895355,-0.12236326932907104,0.15839844942092896,0.6309570372104645,9999.0,9999.0,-0.0002929568290710449,0.47792968712747097,0.11191403865814209,0.6662109345197678
230,0.14228516817092896,-0.056445300579071045,-0.023730456829071045,-0.1571289300918579,-0.31591796875,-0.09746092557907104,-0.25322264432907104,-0.12646484375,0.1539062261581421,0.6355468779802322,0.07363283634185791,0.8956054747104645,-0.003222644329071045,0.4627929702401161,0.10976564884185791,0.6717773377895355
231,0.14970701932907104,-0.01572263240814209,-0.026660144329071045,-0.15703123807907104,-0.31591796875,-0.10556638240814209,-0.2557617127895355,-0.12050783634185791,0.1507812738418579,0.59423828125,0.0751953125,0.864550769329071,0.0006836056709289551,0.4892578125,0.11025393009185791,0.7063476592302322
232,0.1712890863418579,0.240234375,-0.02968752384185791,-0.1576172113418579,-0.31621092557907104,-0.09941405057907104,-0.2559570372104645,-0.12568360567092896,0.15380859375,0.595703125,0.076171875,0.857226550579071,0.00205075740814209,0.49628906254656613,0.11220705509185791,0.7038085907697678
233,0.15107423067092896,0.37382812798023224,-0.027636706829071045,-0.1607421636581421,-0.3163085877895355,-0.10244143009185791,-0.2579101622104645,-0.12392580509185791,0.1552734375,0.6169921904802322,0.08583986759185791,0.893750011920929,0.0009765625,0.478515625,0.11113280057907104,0.6940429657697678
234,0.1585937738418579,0.35078124701976776,-0.026074230670928955,-0.1600586175918579,-0.31572264432907104,-0.10136717557907104,-0.25947266817092896,-0.1268554925918579,0.15644532442092896,0.6234375014901161,0.08154296875,0.867382824420929,-0.001171886920928955,0.47958984412252903,0.10732424259185791,0.6556640565395355
235,0.15888673067092896,0.36738280951976776,-0.01767575740814209,-0.1597656011581421,-0.3143554627895355,-0.10478514432907104,-0.2564453184604645,-0.1302734613418579,0.15458983182907104,0.6232421845197678,0.08476561307907104,0.8916992247104645,0.0002929568290710449,0.48271484300494194,0.10185545682907104,0.6431640684604645
236,0.16289061307907104,0.36201171576976776,-0.00937497615814209,-0.1592773199081421,-0.3135742247104645,-0.10390627384185791,-0.25654298067092896,-0.1171875,0.1553710699081421,0.6332031190395355,0.08125001192092896,0.8934570252895355,0.0029296875,0.49033203162252903,0.09140622615814209,0.6228515654802322
237,0.1625000238418579,0.3626953065395355,-0.00673830509185791,-0.1566406488418579,-0.3197265565395355,-0.11015623807907104,-0.25566405057907104,-0.1290038824081421,0.1556640863418579,0.6105468720197678,9999.0,9999.0,0.003222644329071045,0.47607421875,0.09072268009185791,0.6275390684604645
238,0.16669923067092896,0.3685546815395355,-0.007519543170928955,-0.15800780057907104,-0.32158201932907104,-0.115234375,-0.25361329317092896,-0.12871092557907104,0.1407226324081421,0.6589843779802322,9999.0,9999.0,0.006640613079071045,0.5,9999.0,9999.0
239,0.17060548067092896,0.3716796934604645,-0.01455080509185791,-0.15507811307907104,-0.3248046934604645,-0.11777341365814209,-0.25312501192092896,-0.13203126192092896,9999.0,9999.0,9999.0,9999.0,0.06201171875,0.4775390625,0.08466798067092896,0.6001953110098839
240,0.17548829317092896,0.3759765625,-0.01601564884185791,-0.1529296636581421,-0.31787109375,-0.11513674259185791,-0.25654298067092896,-0.134765625,9999.0,9999.0,0.06601560115814209,0.78076171875,0.04990231990814209,0.4517578110098839,0.08662110567092896,0.6227539032697678
241,0.17646485567092896,0.37138672173023224,-0.02001953125,-0.1556640863418579,-0.30029296875,-0.10673826932907104,-0.25810545682907104,-0.13749998807907104,9999.0,9999.0,0.05673825740814209,0.8534179627895355,0.04873049259185791,0.4271484389901161,0.08242189884185791,0.6158203110098839
242,0.1787109375,0.3681640625,-0.02089846134185791,-0.1573241949081421,-0.3076171875,-0.10810548067092896,-0.2574218809604645,-0.13847655057907104,9999.0,9999.0,0.049023449420928955,0.8578124940395355,0.051464855670928955,0.4300781264901161,0.080078125,0.6202148422598839
243,0.18017578125,0.36699219048023224,-0.024121105670928955,-0.16044920682907104,-0.3056640625,-0.107421875,-0.2562499940395355,-0.13984376192092896,9999.0,9999.0,9999.0,9999.0,0.04746091365814209,0.43183593451976776,0.08154296875,0.60498046875
244,0.18310546875,0.3666015565395355,-0.03017580509185791,-0.1651366949081421,-0.30449217557907104,-0.10478514432907104,-0.25361329317092896,-0.14482420682907104,9999.0,9999.0,0.0546875,0.822558581829071,0.04970705509185791,0.4306640625,0.07900393009185791,0.61279296875
245,0.1849609613418579,0.3692382872104645,-0.03212893009185791,-0.1700195074081421,-0.3050781190395355,-0.10761719942092896,-0.24814453721046448,-0.1307617425918579,9999.0,9999.0,0.06357419490814209,0.847460925579071,0.04433596134185791,0.42138671875,0.0791015625,0.61865234375
246,0.18535155057907104,0.36884765326976776,-0.0361328125,-0.1748046875,-0.3060546815395355,-0.10732424259185791,-0.2518554627895355,-0.13349610567092896,9999.0,9999.0,0.076171875,0.834765613079071,0.04189455509185791,0.40703125298023224,0.06816405057907104,0.57666015625
247,0.18535155057907104,0.3682617247104645,-0.039746105670928955,-0.17822265625,-0.30546873807907104,-0.10820311307907104,-0.24960938096046448,-0.1387695074081421,9999.0,9999.0,0.056347668170928955,0.8150390684604645,0.04736328125,0.39130859076976776,0.07480466365814209,0.5890624970197678
248,0.1864258050918579,0.37421874701976776,-0.043261706829071045,-0.1807616949081421,-0.3091796934604645,-0.11015623807907104,-0.2520507872104645,-0.1470702886581421,9999.0,9999.0,0.0625,0.8418945372104645,0.04443359375,0.40888671576976776,0.07724606990814209,0.5886718779802322
249,0.18486326932907104,0.37236328423023224,-0.050976574420928955,-0.1767578125,-0.31396484375,-0.10927736759185791,-0.25166016817092896,-0.14228516817092896,9999.0,9999.0,9999.0,9999.0,0.07050782442092896,0.3880859389901161,0.07919919490814209,0.5838867202401161
250,0.1845703125,0.37763671576976776,-0.05283200740814209,-0.17753905057907104,-0.3174804747104645,-0.11005860567092896,-0.25117188692092896,-0.14990234375,9999.0,9999.0,9999.0,9999.0,9999.0,9999.0,0.08046877384185791,0.5699218735098839
251,0.1839843988418579,0.24365234375,-0.057812511920928955,-0.1739257574081421,-0.31865233182907104,-0.11337888240814209,-0.2535156309604645,-0.14667969942092896,0.07285153865814209,0.44384765625,9999.0,9999.0,9999.0,9999.0,0.07978516817092896,0.5850585922598839
252,0.09150391817092896,-0.12412106990814209,-0.054882824420928955,-0.17998045682907104,-0.3193359375,-0.11220705509185791,-0.25117188692092896,-0.1478515863418579,0.06816405057907104,0.43183593451976776,0.07587891817092896,0.796191394329071,9999.0,9999.0,0.07412111759185791,0.5718749985098839
253,-0.001269519329071045,-0.2124999761581421,-0.053027331829071045,-0.1771484613418579,-0.31982421875,-0.11484372615814209,-0.25244140625,-0.150390625,0.061816394329071045,0.40312500298023224,9999.0,9999.0,9999.0,9999.0,0.059863269329071045,0.5792968720197678
254,-0.08037108182907104,-0.13593751192092896,-0.05673825740814209,-0.177734375,-0.32197266817092896,-0.11289060115814209,-0.25556641817092896,-0.15156251192092896,0.05712890625,0.39326171576976776,0.07636719942092896,0.8135742247104645,9999.0,9999.0,9999.0,9999.0
255,-0.18291014432907104,0.024707019329071045,9999.0,9999.0,-0.3228515684604645,-0.11464846134185791,-0.25634765625,-0.1548827886581421,0.04501950740814209,0.3544921875,0.08125001192092896,0.8531250059604645,9999.0,9999.0,9999.0,9999.0
256,-0.2265625,0.029394537210464478,9999.0,9999.0,-0.3241210877895355,-0.11406248807907104,-0.2603515684604645,-0.1573241949081421,0.03466796875,0.3338867127895355,0.08427733182907104,0.7425781190395355,9999.0,9999.0,9999.0,9999.0
257,-0.21572265028953552,0.026562511920928955,9999.0,9999.0,-0.32158201932907104,-0.11357420682907104,-0.26513671875,-0.16191405057907104,0.026660144329071045,0.32148437201976776,0.08115231990814209,0.81787109375,9999.0,9999.0,9999.0,9999.0
258,-0.20888671278953552,0.032421886920928955,9999.0,9999.0,-0.3211914002895355,-0.10957032442092896,-0.2657226622104645,-0.1646484136581421,0.026660144329071045,0.3155273497104645,0.09033203125,0.8897460997104645,9999.0,9999.0,9999.0,9999.0
259,-0.20283204317092896,0.025000005960464478,9999.0,9999.0,-0.31689453125,-0.11142575740814209,-0.26494139432907104,-0.16582030057907104,0.031445324420928955,0.32080078125,0.08935546875,0.844921886920929,9999.0,9999.0,9999.0,9999.0
260,-0.20107421278953552,0.032519519329071045,9999.0,9999.0,-0.19287109375,-0.12197268009185791,-0.2637695372104645,-0.15625,0.029101550579071045,0.2992187440395355,0.0908203125,0.894726574420929,0.23750001192092896,0.24667969346046448,9999.0,9999.0
261,-0.19687500596046448,0.03476563096046448,-0.06503903865814209,-0.13916015625,-0.07822263240814209,-0.12812501192092896,-0.2616210877895355,-0.1572265625,0.035449206829071045,0.33740234375,0.09189450740814209,0.9083007872104645,0.23955076932907104,0.25517578423023224,-0.09111326932907104,0.89453125
262,-0.19228515028953552,0.035449206829071045,-0.06406247615814209,-0.14472657442092896,-0.07548826932907104,-0.126953125,-0.25761717557907104,-0.15869140625,0.04150390625,0.34160156548023224,9999.0,9999.0,9999.0,9999.0,-0.08837890625,0.88134765625
263,-0.18935546278953552,0.04189452528953552,-0.06191408634185791,-0.1504882574081421,-0.0712890625,-0.1275390386581421,-0.2574218809604645,-0.15986329317092896,0.05117189884185791,0.3578124940395355,9999.0,9999.0,9999.0,9999.0,-0.0869140625,0.886035144329071
264,-0.18671876192092896,0.048046886920928955,-0.06455075740814209,-0.1533203125,-0.07187497615814209,-0.1337890625,-0.2548828125,-0.15839844942092896,0.04931640625,0.35859374701976776,9999.0,9999.0,9999.0,9999.0,-0.08554685115814209,0.879687488079071
265,-0.18476563692092896,0.05078125,-0.07070314884185791,-0.1537109613418579,-0.07304686307907104,-0.13398438692092896,-0.25361329317092896,-0.16035157442092896,0.053906261920928955,0.34912109375,9999.0,9999.0,9999.0,9999.0,-0.08437502384185791,0.85791015625
266,-0.18388670682907104,0.04970702528953552,-0.07451170682907104,-0.14375001192092896,-0.07509768009185791,-0.13251954317092896,-0.2520507872104645,-0.16240233182907104,0.05410158634185791,0.3580078184604645,9999.0,9999.0,9999.0,9999.0,-0.07988280057907104,0.853320300579071
267,-0.18232423067092896,0.05380859971046448,-0.07822263240814209,-0.1480468511581421,-0.07695311307907104,-0.13310545682907104,-0.25146484375,-0.166015625,0.05654299259185791,0.35917969048023224,9999.0,9999.0,0.5378906726837158,0.3656249940395355,-0.07939451932907104,0.851269543170929
268,-0.18183594942092896,0.04970702528953552,-0.08232420682907104,-0.1436523199081421,-0.07558596134185791,-0.134765625,-0.25556641817092896,-0.1683593988418579,0.095703125,0.3887695297598839,9999.0,9999.0,9999.0,9999.0,-0.07841795682907104,0.832714855670929
269,-0.18378907442092896,0.051562488079071045,-0.0849609375,-0.1435546875,-0.08066403865814209,-0.1317383050918579,-0.2577148377895355,-0.16874998807907104,0.08808594942092896,0.4053710922598839,9999.0,9999.0,9999.0,9999.0,-0.07568359375,0.848925769329071
270,-0.21308594942092896,0.13222655653953552,,,-0.08164060115814209,-0.13261717557907104,-0.25703126192092896,-0.1729491949081421,0.07792967557907104,0.375,9999.0,9999.0,0.5363280773162842,0.35332031548023224,-0.07968747615814209,0.8106445372104645
