,002_arousal,002_valence,022_arousal,022_valence
0,0.0,0.0,0.0,0.0
1,0.0,0.0,0.0,0.0
2,0.0,0.0,0.0,0.0
3,0.0,0.0,0.0,0.0
4,0.0,0.0,0.0,0.0
5,0.0,0.0,0.0,0.0
6,0.0,0.0,0.0,0.0
7,0.0,0.0,0.0,0.0
8,0.0,0.0,0.0,0.0
9,0.0,0.0,0.0,0.0
10,0.0,0.0,0.0,0.0
11,0.0,0.0,0.0,0.0
12,0.0,0.0,0.0,0.0
13,0.0,0.0,0.0,0.0
14,0.0,0.0,0.0,0.0048828125
15,0.0,0.0,0.0,0.009765625
16,0.0,0.0,0.0,0.01220703125
17,0.0,0.0,0.0,0.01708984375
18,0.0,0.0,0.0,0.01708984375
19,0.0,0.0,0.0,0.01708984375
20,0.0,0.0,0.0,0.01708984375
21,0.0,0.0,0.0,0.01708984375
22,0.0,0.0,0.0,0.01708984375
23,-0.00244140625,0.0,0.0,0.01708984375
24,-0.00244140625,0.0048828125,0.0,0.01708984375
25,-0.00244140625,0.0146484375,-0.00244140625,0.01708984375
26,-0.00244140625,0.01953125,-0.00244140625,0.01708984375
27,0.0,0.02197265625,-0.00244140625,0.01708984375
28,0.0,0.0244140625,-0.00244140625,0.01708984375
29,0.0,0.0244140625,-0.00244140625,0.01708984375
30,0.0,0.02685546875,-0.00244140625,0.01708984375
31,0.0,0.029296875,-0.00244140625,0.01708984375
32,0.00244140625,0.029296875,-0.00244140625,0.01708984375
33,0.00244140625,0.029296875,-0.00244140625,0.01708984375
34,0.00244140625,0.029296875,-0.00244140625,0.01708984375
35,0.00244140625,0.029296875,-0.00244140625,0.01708984375
36,0.00244140625,0.029296875,-0.00244140625,0.01708984375
37,0.0048828125,0.029296875,-0.00244140625,0.01708984375
38,0.0048828125,0.029296875,-0.00244140625,0.01708984375
39,0.00732421875,0.02685546875,-0.00244140625,0.01708984375
40,0.009765625,0.02685546875,-0.00244140625,0.01708984375
41,0.01220703125,0.0244140625,-0.00244140625,0.01708984375
42,0.01220703125,0.0244140625,-0.00244140625,0.01708984375
43,0.01220703125,0.0244140625,-0.00244140625,0.01708984375
44,0.01220703125,0.0244140625,-0.00244140625,0.01708984375
45,0.01220703125,0.0244140625,-0.00244140625,0.01708984375
46,0.01220703125,0.0244140625,-0.00244140625,0.01708984375
47,0.01220703125,0.0244140625,-0.00244140625,0.01708984375
48,0.01220703125,0.0244140625,-0.00244140625,0.01708984375
49,0.01220703125,0.02197265625,-0.00244140625,0.01708984375
50,0.01220703125,0.02197265625,-0.00244140625,0.01708984375
51,0.01220703125,0.01953125,-0.00244140625,0.01708984375
52,0.01220703125,0.01953125,-0.00244140625,0.01708984375
53,0.01220703125,0.01953125,-0.00244140625,0.01708984375
54,0.01220703125,0.01708984375,-0.00244140625,0.01708984375
55,0.009765625,0.01708984375,-0.00244140625,0.01708984375
56,0.009765625,0.01708984375,-0.00244140625,0.01708984375
57,0.009765625,0.01708984375,-0.00244140625,0.0146484375
58,0.009765625,0.01708984375,-0.0048828125,0.01220703125
59,0.009765625,0.01708984375,-0.00732421875,0.01220703125
60,0.009765625,0.01708984375,-0.009765625,0.00732421875
61,0.009765625,0.01708984375,-0.01220703125,0.0048828125
62,0.009765625,0.01708984375,-0.01220703125,0.00244140625
63,0.009765625,0.01708984375,-0.0146484375,0.0
64,0.009765625,0.01708984375,-0.0146484375,0.0
65,0.009765625,0.01708984375,-0.0146484375,0.0
66,0.009765625,0.01708984375,-0.0146484375,0.0
67,0.009765625,0.01708984375,-0.0146484375,0.0
68,0.009765625,0.01708984375,-0.01708984375,0.00244140625
69,0.009765625,0.01708984375,-0.01708984375,0.01220703125
70,0.009765625,0.01708984375,-0.01708984375,0.02197265625
71,0.009765625,0.01708984375,-0.01708984375,0.0341796875
72,0.009765625,0.01708984375,-0.0146484375,0.0390625
73,0.009765625,0.01708984375,-0.01220703125,0.0439453125
74,0.009765625,0.01708984375,-0.0048828125,0.0537109375
75,0.009765625,0.0146484375,0.00244140625,0.0634765625
76,0.00732421875,0.0146484375,0.0146484375,0.0732421875
77,0.00732421875,0.01220703125,0.04150390625,0.09521484375
78,0.0048828125,0.00732421875,0.048828125,0.1025390625
79,0.0,0.0,0.05859375,0.107421875
80,-0.0048828125,-0.00732421875,0.05859375,0.107421875
81,-0.009765625,-0.01220703125,0.0634765625,0.10986328125
82,-0.01708984375,-0.02197265625,0.06591796875,0.10986328125
83,-0.0244140625,-0.03173828125,0.068359375,0.10986328125
84,-0.029296875,-0.0390625,0.068359375,0.10986328125
85,-0.0390625,-0.05126953125,0.068359375,0.10986328125
86,-0.0439453125,-0.0634765625,0.068359375,0.10986328125
87,-0.048828125,-0.07568359375,0.07080078125,0.10986328125
88,-0.05615234375,-0.08544921875,0.07080078125,0.10986328125
89,-0.06103515625,-0.09765625,0.07080078125,0.10986328125
90,-0.068359375,-0.10986328125,0.07080078125,0.10986328125
91,-0.078125,-0.11962890625,0.07080078125,0.10986328125
92,-0.09521484375,-0.146484375,0.07080078125,0.11474609375
93,-0.107421875,-0.166015625,0.07080078125,0.12451171875
94,-0.11474609375,-0.17333984375,0.0732421875,0.14892578125
95,-0.11962890625,-0.17822265625,0.078125,0.17822265625
96,-0.12939453125,-0.185546875,0.087890625,0.2001953125
97,-0.13916015625,-0.19775390625,0.09521484375,0.2197265625
98,-0.1513671875,-0.21728515625,0.09765625,0.23681640625
99,-0.15869140625,-0.23193359375,0.10009765625,0.2490234375
100,-0.166015625,-0.24169921875,0.10009765625,0.26123046875
101,-0.1708984375,-0.244140625,0.10009765625,0.27099609375
102,-0.17333984375,-0.24658203125,0.10009765625,0.2783203125
103,-0.17578125,-0.24658203125,0.09765625,0.28564453125
104,-0.17822265625,-0.24658203125,0.09521484375,0.2978515625
105,-0.18310546875,-0.244140625,0.0927734375,0.31005859375
106,-0.18798828125,-0.2392578125,0.087890625,0.32470703125
107,-0.1904296875,-0.234375,0.08056640625,0.341796875
108,-0.19287109375,-0.23193359375,0.068359375,0.36376953125
109,-0.19287109375,-0.234375,0.06103515625,0.38330078125
110,-0.19775390625,-0.2392578125,0.05615234375,0.3955078125
111,-0.20751953125,-0.25146484375,0.0537109375,0.40771484375
112,-0.21728515625,-0.27099609375,0.05126953125,0.4248046875
113,-0.224609375,-0.283203125,0.05126953125,0.44189453125
114,-0.2294921875,-0.2978515625,0.048828125,0.46630859375
115,-0.23681640625,-0.3076171875,0.04638671875,0.478515625
116,-0.2392578125,-0.3125,0.0439453125,0.49560546875
117,-0.24169921875,-0.31494140625,0.04150390625,0.50537109375
118,-0.244140625,-0.31494140625,0.04150390625,0.52490234375
119,-0.244140625,-0.31494140625,0.04150390625,0.52978515625
120,-0.24658203125,-0.3125,0.03662109375,0.5419921875
121,-0.24658203125,-0.3125,0.0341796875,0.546875
122,-0.24658203125,-0.31005859375,0.0341796875,0.5517578125
123,-0.2490234375,-0.31005859375,0.0341796875,0.55419921875
124,-0.25146484375,-0.31005859375,0.0341796875,0.55908203125
125,-0.25146484375,-0.31005859375,0.0341796875,0.56396484375
126,-0.25146484375,-0.31005859375,0.0341796875,0.56396484375
127,-0.25146484375,-0.31005859375,0.0341796875,0.56396484375
128,-0.25146484375,-0.31005859375,0.0341796875,0.56396484375
129,-0.2490234375,-0.31005859375,0.0341796875,0.56396484375
130,-0.244140625,-0.2978515625,0.0341796875,0.56396484375
131,-0.234375,-0.25634765625,0.0341796875,0.56396484375
132,-0.2294921875,-0.1806640625,0.0341796875,0.56396484375
133,-0.21728515625,-0.12939453125,0.0341796875,0.56396484375
134,-0.19775390625,-0.09521484375,0.0341796875,0.56396484375
135,-0.17822265625,-0.07568359375,0.0341796875,0.56396484375
136,-0.15380859375,-0.05615234375,0.0341796875,0.56640625
137,-0.14404296875,-0.05126953125,0.03173828125,0.57861328125
138,-0.1416015625,-0.04638671875,0.03173828125,0.5859375
139,-0.13916015625,-0.02197265625,0.03173828125,0.59326171875
140,-0.13916015625,-0.00244140625,0.03173828125,0.595703125
141,-0.1416015625,0.02685546875,0.029296875,0.60302734375
142,-0.1513671875,0.06591796875,0.02685546875,0.60791015625
143,-0.15625,0.09521484375,0.0244140625,0.6201171875
144,-0.16357421875,0.1171875,0.02197265625,0.62744140625
145,-0.166015625,0.13916015625,0.01953125,0.63720703125
146,-0.166015625,0.15869140625,0.01953125,0.6396484375
147,-0.15380859375,0.1953125,0.01953125,0.64453125
148,-0.13916015625,0.23193359375,0.01953125,0.6494140625
149,-0.12939453125,0.27099609375,0.01953125,0.6494140625
150,-0.1025390625,0.33447265625,0.01953125,0.65185546875
151,-0.08056640625,0.3759765625,0.01953125,0.654296875
152,-0.0732421875,0.39794921875,0.01953125,0.65673828125
153,-0.07080078125,0.41259765625,0.01953125,0.6591796875
154,-0.07568359375,0.419921875,0.01953125,0.6591796875
155,-0.078125,0.4296875,0.01953125,0.6591796875
156,-0.08544921875,0.44189453125,0.01953125,0.6591796875
157,-0.087890625,0.45654296875,0.01953125,0.6591796875
158,-0.08544921875,0.46630859375,0.01953125,0.6591796875
159,-0.08056640625,0.47119140625,0.01953125,0.6591796875
160,-0.07568359375,0.4736328125,0.01953125,0.6591796875
161,-0.07080078125,0.4736328125,0.01953125,0.6591796875
162,-0.068359375,0.47607421875,0.01953125,0.6591796875
163,-0.068359375,0.47607421875,0.01953125,0.6591796875
164,-0.068359375,0.47607421875,0.01953125,0.6591796875
165,-0.068359375,0.47607421875,0.01953125,0.6591796875
166,-0.068359375,0.47607421875,0.01953125,0.6591796875
167,-0.068359375,0.47607421875,0.01953125,0.6591796875
168,-0.068359375,0.47607421875,0.01953125,0.6591796875
169,-0.068359375,0.47607421875,0.01953125,0.6591796875
170,-0.06591796875,0.48095703125,0.01953125,0.6591796875
171,-0.05615234375,0.48828125,0.01953125,0.6591796875
172,-0.04638671875,0.49560546875,0.01953125,0.6591796875
173,-0.0390625,0.50048828125,0.01953125,0.6591796875
174,-0.03173828125,0.5029296875,0.01953125,0.6591796875
175,-0.01953125,0.50537109375,0.01953125,0.6591796875
176,-0.0048828125,0.5078125,0.01953125,0.6591796875
177,0.0048828125,0.51025390625,0.01953125,0.6591796875
178,0.01220703125,0.5126953125,0.01953125,0.6591796875
179,0.01953125,0.5126953125,0.01953125,0.6591796875
180,0.029296875,0.5126953125,0.01953125,0.6591796875
181,0.03662109375,0.5126953125,0.01953125,0.6591796875
182,0.0390625,0.5126953125,0.01953125,0.6591796875
183,0.04150390625,0.5126953125,0.01953125,0.6591796875
184,0.04150390625,0.5126953125,0.01953125,0.6591796875
185,0.04150390625,0.5126953125,0.01953125,0.6591796875
186,0.04150390625,0.5126953125,0.01953125,0.6591796875
187,0.04150390625,0.5126953125,0.01953125,0.6591796875
188,0.04150390625,0.5126953125,0.01953125,0.6591796875
189,0.04150390625,0.5126953125,0.01953125,0.6591796875
190,0.04150390625,0.5126953125,0.01953125,0.6591796875
191,0.04150390625,0.5126953125,0.01953125,0.6591796875
192,0.04150390625,0.5126953125,0.01953125,0.6591796875
193,0.0439453125,0.51513671875,0.01953125,0.6591796875
194,0.04638671875,0.51513671875,0.01953125,0.6591796875
195,0.048828125,0.517578125,0.01953125,0.6591796875
196,0.048828125,0.517578125,0.01953125,0.6591796875
197,0.0537109375,0.517578125,0.01953125,0.6591796875
198,0.0537109375,0.52001953125,0.01953125,0.6591796875
199,0.05615234375,0.52001953125,0.01953125,0.6591796875
200,0.06103515625,0.5224609375,0.01953125,0.6591796875
201,0.06591796875,0.5224609375,0.01953125,0.6591796875
202,0.07568359375,0.52734375,0.01953125,0.6591796875
203,0.09033203125,0.52978515625,0.01953125,0.6591796875
204,0.10498046875,0.5322265625,0.01953125,0.6591796875
205,0.11962890625,0.5322265625,0.01953125,0.6591796875
206,0.12939453125,0.5322265625,0.01953125,0.6591796875
207,0.13671875,0.5322265625,0.01953125,0.6591796875
208,0.13916015625,0.5322265625,0.01953125,0.6591796875
209,0.13916015625,0.5322265625,0.01953125,0.6591796875
210,0.13916015625,0.5322265625,0.01953125,0.6591796875
211,0.13916015625,0.52978515625,0.01953125,0.6591796875
212,0.13916015625,0.52978515625,0.01953125,0.6591796875
213,0.13916015625,0.52978515625,0.01953125,0.6591796875
214,0.13427734375,0.52978515625,0.01953125,0.6591796875
215,0.1318359375,0.5322265625,0.01953125,0.6591796875
216,0.12939453125,0.53466796875,0.01953125,0.6591796875
217,0.1220703125,0.53955078125,0.01953125,0.6591796875
218,0.1123046875,0.54931640625,0.01953125,0.6591796875
219,0.10986328125,0.5517578125,0.01953125,0.6591796875
220,0.10986328125,0.5517578125,0.01953125,0.6591796875
221,0.10986328125,0.5517578125,0.01953125,0.6591796875
222,0.10986328125,0.5517578125,0.01953125,0.6591796875
223,0.10986328125,0.5517578125,0.01953125,0.6591796875
224,0.10986328125,0.5517578125,0.01953125,0.6591796875
225,0.10986328125,0.5517578125,0.01953125,0.6591796875
226,0.1171875,0.546875,0.01953125,0.6591796875
227,0.1220703125,0.54443359375,0.01953125,0.6591796875
228,0.12451171875,0.54443359375,0.01953125,0.6591796875
229,0.12451171875,0.54443359375,0.01953125,0.6591796875
230,0.12451171875,0.54443359375,0.01953125,0.6591796875
231,0.12451171875,0.54443359375,0.01953125,0.6591796875
232,0.12451171875,0.54443359375,0.01953125,0.6591796875
233,0.12451171875,0.54443359375,0.01953125,0.6591796875
234,0.12451171875,0.54443359375,0.01953125,0.6591796875
235,0.12451171875,0.54443359375,0.01953125,0.6591796875
236,0.12451171875,0.54443359375,0.01953125,0.6591796875
237,0.12451171875,0.54443359375,0.01953125,0.6591796875
238,0.12451171875,0.54443359375,0.01953125,0.6591796875
239,0.12451171875,0.54443359375,0.01953125,0.6591796875
240,0.12451171875,0.54443359375,0.01953125,0.6591796875
241,0.12451171875,0.54443359375,0.01953125,0.6591796875
242,0.12451171875,0.54443359375,0.01953125,0.6591796875
243,0.12451171875,0.54443359375,0.01953125,0.6591796875
244,0.12451171875,0.54443359375,0.01953125,0.6591796875
245,0.126953125,0.5419921875,0.01953125,0.6591796875
246,0.13427734375,0.54443359375,0.01953125,0.6591796875
247,0.1611328125,0.54443359375,0.01953125,0.6591796875
248,0.1953125,0.546875,0.01953125,0.66162109375
249,0.205078125,0.54931640625,0.02197265625,0.6640625
250,0.21484375,0.5517578125,0.02197265625,0.66650390625
251,0.2197265625,0.5517578125,0.02197265625,0.6689453125
252,0.224609375,0.54931640625,0.0244140625,0.6787109375
253,0.2294921875,0.546875,0.0244140625,0.68359375
254,0.23193359375,0.546875,0.0244140625,0.6884765625
255,0.234375,0.546875,0.0244140625,0.69091796875
256,0.234375,0.54443359375,0.0244140625,0.693359375
257,0.234375,0.54443359375,0.0244140625,0.69580078125
258,0.234375,0.54443359375,0.0244140625,0.6982421875
259,0.234375,0.54443359375,0.0244140625,0.70068359375
260,0.234375,0.54443359375,0.0244140625,0.703125
261,0.234375,0.54443359375,0.02685546875,0.70556640625
262,0.234375,0.54443359375,0.02685546875,0.71044921875
263,0.23681640625,0.54443359375,0.02685546875,0.712890625
264,0.2392578125,0.54443359375,0.02685546875,0.71533203125
265,0.244140625,0.54443359375,0.02685546875,0.71533203125
266,0.2490234375,0.54443359375,0.02685546875,0.71533203125
267,0.25390625,0.54443359375,0.02685546875,0.71533203125
268,0.2587890625,0.54443359375,0.02685546875,0.71533203125
269,0.26123046875,0.54443359375,0.02685546875,0.71533203125
270,0.263671875,0.54443359375,0.02685546875,0.71533203125
271,0.26611328125,0.54443359375,0.02685546875,0.71533203125
272,0.27099609375,0.54443359375,0.02685546875,0.71533203125
273,0.27587890625,0.54443359375,0.02685546875,0.71533203125
274,0.27587890625,0.54443359375,0.02685546875,0.71533203125
275,0.27587890625,0.54443359375,0.02685546875,0.71533203125
276,0.27587890625,0.54443359375,0.02685546875,0.71533203125
277,0.2783203125,0.54443359375,0.02685546875,0.71533203125
278,0.28076171875,0.54443359375,0.02685546875,0.71533203125
279,0.28076171875,0.54443359375,0.02685546875,0.71533203125
280,0.28076171875,0.54443359375,0.02685546875,0.71533203125
281,0.283203125,0.5419921875,0.02685546875,0.71533203125
282,0.28564453125,0.5419921875,0.02685546875,0.71533203125
283,0.2880859375,0.5419921875,0.02685546875,0.71533203125
284,0.2880859375,0.5419921875,0.02685546875,0.71533203125
285,0.2880859375,0.53955078125,0.02685546875,0.71533203125
286,0.2880859375,0.53955078125,0.02685546875,0.71533203125
287,0.2880859375,0.53955078125,0.02685546875,0.71533203125
288,0.2880859375,0.53955078125,0.02685546875,0.71533203125
289,0.2880859375,0.53955078125,0.02685546875,0.71533203125
290,0.2880859375,0.53955078125,0.02685546875,0.71533203125
291,0.2880859375,0.53955078125,0.02685546875,0.71533203125
292,0.2880859375,0.53955078125,0.02685546875,0.71533203125
293,0.2880859375,0.53955078125,0.02685546875,0.71533203125
294,0.2880859375,0.53955078125,0.02685546875,0.71533203125
295,0.2880859375,0.53955078125,0.02685546875,0.71533203125
296,0.2880859375,0.53955078125,0.02685546875,0.71533203125
297,0.2880859375,0.53955078125,0.02685546875,0.71533203125
298,0.2880859375,0.53955078125,0.02685546875,0.71533203125
299,0.2880859375,0.53955078125,0.02685546875,0.71533203125
300,0.2880859375,0.53955078125,0.02685546875,0.71533203125
301,0.2880859375,0.53955078125,0.02685546875,0.71533203125
302,0.2880859375,0.53955078125,0.02685546875,0.71533203125
303,0.2880859375,0.53955078125,0.02685546875,0.71533203125
304,0.2880859375,0.53955078125,0.02685546875,0.71533203125
305,0.2880859375,0.53955078125,0.02685546875,0.712890625
306,0.2880859375,0.53955078125,0.02685546875,0.712890625
307,0.28564453125,0.53955078125,0.02685546875,0.712890625
308,0.28564453125,0.53955078125,0.02685546875,0.712890625
309,0.28564453125,0.53955078125,0.02685546875,0.712890625
310,0.28564453125,0.53955078125,0.02685546875,0.71044921875
311,0.28564453125,0.53955078125,0.02685546875,0.70556640625
312,0.28564453125,0.53955078125,0.0244140625,0.70068359375
313,0.28564453125,0.53955078125,0.02197265625,0.69091796875
314,0.28564453125,0.53955078125,0.01953125,0.68359375
315,0.28564453125,0.53955078125,0.01953125,0.6787109375
316,0.28564453125,0.53955078125,0.01953125,0.67138671875
317,0.28564453125,0.53955078125,0.01708984375,0.66650390625
318,0.28564453125,0.53955078125,0.01708984375,0.66162109375
319,0.28564453125,0.53955078125,0.01708984375,0.65673828125
320,0.28564453125,0.53955078125,0.01708984375,0.654296875
321,0.28564453125,0.53955078125,0.01708984375,0.65185546875
322,0.28564453125,0.53955078125,0.01708984375,0.65185546875
323,0.28564453125,0.53955078125,0.01708984375,0.6494140625
324,0.28564453125,0.53955078125,0.01708984375,0.64453125
325,0.28564453125,0.53955078125,0.01708984375,0.64208984375
326,0.28564453125,0.53955078125,0.01708984375,0.6396484375
327,0.28564453125,0.53955078125,0.01708984375,0.63720703125
328,0.28564453125,0.53955078125,0.01708984375,0.63720703125
329,0.28564453125,0.53955078125,0.01708984375,0.63720703125
330,0.28564453125,0.53955078125,0.01708984375,0.634765625
331,0.28564453125,0.53955078125,0.01708984375,0.634765625
332,0.28564453125,0.53955078125,0.01708984375,0.634765625
333,0.28564453125,0.53955078125,0.01708984375,0.634765625
334,0.28564453125,0.53955078125,0.01708984375,0.634765625
335,0.28564453125,0.53955078125,0.01708984375,0.634765625
336,0.28564453125,0.53955078125,0.01708984375,0.634765625
337,0.28564453125,0.53955078125,0.01708984375,0.634765625
338,0.28564453125,0.53955078125,0.01708984375,0.634765625
339,0.28564453125,0.53955078125,0.01708984375,0.634765625
340,0.28564453125,0.53955078125,0.01708984375,0.634765625
341,0.28564453125,0.53955078125,0.01708984375,0.634765625
342,0.28564453125,0.53955078125,0.01708984375,0.634765625
343,0.28564453125,0.53955078125,0.01708984375,0.634765625
344,0.28564453125,0.53955078125,0.01708984375,0.634765625
345,0.28564453125,0.53955078125,0.01708984375,0.634765625
346,0.28564453125,0.53955078125,0.01708984375,0.634765625
347,0.28564453125,0.53955078125,0.01708984375,0.634765625
348,0.28564453125,0.53955078125,0.01708984375,0.634765625
349,0.28564453125,0.53955078125,0.01708984375,0.634765625
350,0.28564453125,0.53955078125,0.01708984375,0.634765625
351,0.28564453125,0.53955078125,0.01708984375,0.634765625
352,0.28564453125,0.53955078125,0.01708984375,0.634765625
353,0.28564453125,0.53955078125,0.01708984375,0.634765625
354,0.28564453125,0.53955078125,0.01708984375,0.634765625
355,0.28564453125,0.53955078125,0.01708984375,0.634765625
356,0.283203125,0.53955078125,0.01708984375,0.634765625
357,0.283203125,0.53955078125,0.01708984375,0.634765625
358,0.28076171875,0.53955078125,0.01708984375,0.634765625
359,0.28076171875,0.53955078125,0.01708984375,0.634765625
360,0.28076171875,0.53955078125,0.01708984375,0.634765625
361,0.28076171875,0.53955078125,0.01708984375,0.634765625
362,0.28076171875,0.53955078125,0.01708984375,0.634765625
363,0.28076171875,0.53955078125,0.01708984375,0.634765625
364,0.28076171875,0.53955078125,0.01708984375,0.634765625
365,0.28076171875,0.53955078125,0.01708984375,0.634765625
366,0.28076171875,0.53955078125,0.01708984375,0.634765625
367,0.28076171875,0.53955078125,0.01708984375,0.634765625
368,0.28076171875,0.53955078125,0.01708984375,0.634765625
369,0.28076171875,0.53955078125,0.01708984375,0.634765625
370,0.28076171875,0.53955078125,0.01708984375,0.634765625
371,0.28076171875,0.53955078125,0.01708984375,0.634765625
372,0.28076171875,0.53955078125,0.01708984375,0.634765625
373,0.28076171875,0.53955078125,0.01708984375,0.634765625
374,0.28076171875,0.53955078125,0.01708984375,0.634765625
375,0.28076171875,0.53955078125,0.01708984375,0.634765625
376,0.2783203125,0.53955078125,0.01708984375,0.634765625
377,0.27587890625,0.53955078125,0.01708984375,0.634765625
378,0.2734375,0.53955078125,0.01708984375,0.634765625
379,0.27099609375,0.53955078125,0.01708984375,0.634765625
380,0.2685546875,0.53955078125,0.01708984375,0.634765625
381,0.26611328125,0.537109375,0.01708984375,0.634765625
382,0.26611328125,0.537109375,0.01708984375,0.634765625
383,0.263671875,0.537109375,0.01708984375,0.634765625
384,0.263671875,0.537109375,0.01708984375,0.634765625
385,0.263671875,0.537109375,0.01708984375,0.634765625
386,0.263671875,0.537109375,0.01708984375,0.634765625
387,0.263671875,0.537109375,0.01708984375,0.634765625
388,0.263671875,0.537109375,0.01708984375,0.634765625
389,0.263671875,0.537109375,0.01708984375,0.634765625
390,0.263671875,0.537109375,0.01708984375,0.634765625
391,0.263671875,0.537109375,0.01708984375,0.634765625
392,0.263671875,0.537109375,0.01708984375,0.634765625
393,0.263671875,0.537109375,0.01708984375,0.634765625
394,0.263671875,0.537109375,0.01708984375,0.634765625
395,0.26123046875,0.537109375,0.01708984375,0.634765625
396,0.26123046875,0.537109375,0.01708984375,0.634765625
397,0.26123046875,0.537109375,0.01708984375,0.634765625
398,0.26123046875,0.537109375,0.01708984375,0.634765625
399,0.26123046875,0.537109375,0.01708984375,0.634765625
400,0.263671875,0.537109375,0.01708984375,0.634765625
401,0.2685546875,0.537109375,0.01708984375,0.634765625
402,0.27587890625,0.537109375,0.01708984375,0.634765625
403,0.2783203125,0.53466796875,0.01708984375,0.634765625
404,0.28076171875,0.53466796875,0.01708984375,0.634765625
405,0.283203125,0.5322265625,0.01708984375,0.634765625
406,0.2880859375,0.5322265625,0.01708984375,0.634765625
407,0.29052734375,0.52978515625,0.01708984375,0.634765625
408,0.29541015625,0.52734375,0.01708984375,0.634765625
409,0.2978515625,0.52734375,0.01708984375,0.634765625
410,0.302734375,0.52490234375,0.01708984375,0.634765625
411,0.31005859375,0.52490234375,0.01708984375,0.634765625
412,0.3173828125,0.52490234375,0.01708984375,0.634765625
413,0.3271484375,0.5224609375,0.01708984375,0.634765625
414,0.3369140625,0.52001953125,0.01708984375,0.634765625
415,0.341796875,0.517578125,0.01708984375,0.634765625
416,0.3466796875,0.517578125,0.01708984375,0.634765625
417,0.34912109375,0.51513671875,0.01708984375,0.634765625
418,0.34912109375,0.51513671875,0.01708984375,0.634765625
419,0.3515625,0.5126953125,0.01708984375,0.634765625
420,0.3515625,0.5126953125,0.01708984375,0.634765625
421,0.3515625,0.5126953125,0.01708984375,0.634765625
422,0.3515625,0.5126953125,0.01708984375,0.634765625
423,0.3515625,0.5126953125,0.01708984375,0.634765625
424,0.3515625,0.51025390625,0.01708984375,0.634765625
425,0.3515625,0.51025390625,0.01708984375,0.634765625
426,0.3515625,0.51025390625,0.01708984375,0.634765625
427,0.3515625,0.51025390625,0.01708984375,0.634765625
428,0.3515625,0.51025390625,0.01708984375,0.634765625
429,0.35400390625,0.51025390625,0.01708984375,0.634765625
430,0.35400390625,0.51025390625,0.01708984375,0.634765625
431,0.35400390625,0.5078125,0.01708984375,0.634765625
432,0.35400390625,0.5078125,0.01708984375,0.634765625
433,0.35400390625,0.5078125,0.01708984375,0.634765625
434,0.35400390625,0.50537109375,0.0244140625,0.634765625
435,0.35400390625,0.50537109375,0.03662109375,0.634765625
436,0.35400390625,0.50537109375,0.04638671875,0.634765625
437,0.35400390625,0.50537109375,0.05126953125,0.634765625
438,0.35400390625,0.50537109375,0.05126953125,0.634765625
439,0.35400390625,0.50537109375,0.05126953125,0.634765625
440,0.35400390625,0.5029296875,0.05126953125,0.634765625
441,0.35400390625,0.5029296875,0.05126953125,0.634765625
442,0.3515625,0.5029296875,0.05126953125,0.634765625
443,0.3515625,0.50048828125,0.05126953125,0.634765625
444,0.34912109375,0.50048828125,0.05126953125,0.634765625
445,0.34912109375,0.50048828125,0.05126953125,0.634765625
446,0.3466796875,0.50048828125,0.05126953125,0.634765625
447,0.3466796875,0.50048828125,0.05126953125,0.634765625
448,0.34423828125,0.50048828125,0.05126953125,0.634765625
449,0.341796875,0.498046875,0.05126953125,0.634765625
450,0.33935546875,0.49560546875,0.05126953125,0.634765625
451,0.33203125,0.48828125,0.05126953125,0.634765625
452,0.3271484375,0.4833984375,0.05126953125,0.634765625
453,0.322265625,0.478515625,0.05126953125,0.634765625
454,0.3173828125,0.4736328125,0.05126953125,0.634765625
455,0.31494140625,0.4736328125,0.05126953125,0.634765625
456,0.31005859375,0.47119140625,0.05126953125,0.634765625
457,0.3076171875,0.47119140625,0.05126953125,0.634765625
458,0.30517578125,0.47119140625,0.05126953125,0.634765625
459,0.30517578125,0.47119140625,0.05126953125,0.634765625
460,0.30517578125,0.47119140625,0.05126953125,0.634765625
461,0.30517578125,0.47119140625,0.05126953125,0.634765625
462,0.30517578125,0.47119140625,0.05126953125,0.634765625
463,0.30517578125,0.47119140625,0.05126953125,0.634765625
464,0.30517578125,0.47119140625,0.05126953125,0.634765625
465,0.30517578125,0.47119140625,0.05126953125,0.634765625
466,0.30517578125,0.47119140625,0.05126953125,0.634765625
467,0.30517578125,0.47119140625,0.05126953125,0.634765625
468,0.30517578125,0.47119140625,0.05126953125,0.634765625
469,0.30517578125,0.47119140625,0.05126953125,0.634765625
470,0.30517578125,0.47119140625,0.05126953125,0.634765625
471,0.30517578125,0.47119140625,0.05126953125,0.634765625
472,0.30517578125,0.47119140625,0.05126953125,0.634765625
473,0.30517578125,0.47119140625,0.05126953125,0.634765625
474,0.30517578125,0.46875,0.05126953125,0.634765625
475,0.302734375,0.4541015625,0.05126953125,0.634765625
476,0.2880859375,0.41259765625,0.05126953125,0.634765625
477,0.2783203125,0.380859375,0.05126953125,0.634765625
478,0.27099609375,0.36865234375,0.0537109375,0.634765625
479,0.26611328125,0.36376953125,0.0537109375,0.634765625
480,0.263671875,0.36376953125,0.05615234375,0.634765625
481,0.263671875,0.361328125,0.05615234375,0.634765625
482,0.263671875,0.361328125,0.05859375,0.634765625
483,0.26123046875,0.361328125,0.06103515625,0.634765625
484,0.26123046875,0.361328125,0.0634765625,0.634765625
485,0.26123046875,0.361328125,0.0634765625,0.63720703125
486,0.26123046875,0.361328125,0.0634765625,0.63720703125
487,0.26123046875,0.361328125,0.0634765625,0.63720703125
488,0.26123046875,0.361328125,0.0634765625,0.63720703125
489,0.26123046875,0.361328125,0.0634765625,0.63720703125
490,0.26123046875,0.361328125,0.0634765625,0.63720703125
491,0.26123046875,0.361328125,0.0634765625,0.63720703125
492,0.26123046875,0.361328125,0.0634765625,0.63720703125
493,0.26123046875,0.361328125,0.0634765625,0.63720703125
494,0.26123046875,0.361328125,0.0634765625,0.63720703125
495,0.26123046875,0.361328125,0.0634765625,0.63720703125
496,0.26123046875,0.361328125,0.0634765625,0.63720703125
497,0.26123046875,0.361328125,0.0634765625,0.63720703125
498,0.26123046875,0.361328125,0.0634765625,0.63720703125
499,0.26123046875,0.361328125,0.0634765625,0.63720703125
500,0.26123046875,0.361328125,0.0634765625,0.63720703125
501,0.26123046875,0.361328125,0.0634765625,0.63720703125
502,0.26123046875,0.361328125,0.0634765625,0.63720703125
503,0.26123046875,0.361328125,0.0634765625,0.63720703125
504,0.25634765625,0.35400390625,0.0634765625,0.63720703125
505,0.2490234375,0.33203125,0.0634765625,0.63720703125
506,0.2490234375,0.31494140625,0.0634765625,0.63720703125
507,0.24658203125,0.30517578125,0.0634765625,0.63720703125
508,0.24658203125,0.30029296875,0.0634765625,0.63720703125
509,0.24658203125,0.2978515625,0.0634765625,0.63720703125
510,0.24658203125,0.29296875,0.0634765625,0.63720703125
511,0.24658203125,0.2880859375,0.0634765625,0.63720703125
512,0.244140625,0.28076171875,0.0634765625,0.63720703125
513,0.244140625,0.2734375,0.0634765625,0.63720703125
514,0.244140625,0.2685546875,0.0634765625,0.63720703125
515,0.244140625,0.263671875,0.0634765625,0.63720703125
516,0.244140625,0.263671875,0.0634765625,0.63720703125
517,0.24169921875,0.26123046875,0.0634765625,0.63720703125
518,0.24169921875,0.2587890625,0.0634765625,0.63720703125
519,0.24169921875,0.25634765625,0.0634765625,0.63720703125
520,0.2392578125,0.25390625,0.0634765625,0.63720703125
521,0.23681640625,0.244140625,0.0634765625,0.63720703125
522,0.234375,0.23681640625,0.0634765625,0.63720703125
523,0.23193359375,0.22705078125,0.0634765625,0.63720703125
524,0.22705078125,0.21728515625,0.0634765625,0.63720703125
525,0.22216796875,0.205078125,0.0634765625,0.63720703125
526,0.2197265625,0.19775390625,0.0634765625,0.63720703125
527,0.21484375,0.1904296875,0.0634765625,0.63720703125
528,0.2099609375,0.18310546875,0.0634765625,0.63720703125
529,0.2099609375,0.17822265625,0.0634765625,0.63720703125
530,0.20751953125,0.17578125,0.0634765625,0.63720703125
531,0.20751953125,0.17333984375,0.0634765625,0.63720703125
532,0.205078125,0.1708984375,0.0634765625,0.63720703125
533,0.205078125,0.1708984375,0.0634765625,0.63720703125
534,0.205078125,0.16845703125,0.0634765625,0.63720703125
535,0.20263671875,0.16845703125,0.0634765625,0.63720703125
536,0.20263671875,0.16357421875,0.068359375,0.63720703125
537,0.2001953125,0.15869140625,0.07080078125,0.6396484375
538,0.19775390625,0.15380859375,0.0732421875,0.6396484375
539,0.19287109375,0.1513671875,0.07568359375,0.6396484375
540,0.19287109375,0.14892578125,0.07568359375,0.6396484375
541,0.19287109375,0.14892578125,0.08056640625,0.6396484375
542,0.19287109375,0.14892578125,0.0830078125,0.64208984375
543,0.19287109375,0.14892578125,0.087890625,0.64208984375
544,0.1904296875,0.146484375,0.087890625,0.64208984375
545,0.17333984375,0.13427734375,0.087890625,0.64208984375
546,0.14892578125,0.1123046875,0.09033203125,0.64208984375
547,0.13916015625,0.1025390625,0.0927734375,0.64208984375
548,0.13427734375,0.09765625,0.09521484375,0.64208984375
549,0.126953125,0.09521484375,0.09765625,0.64208984375
550,0.11474609375,0.087890625,0.10009765625,0.64208984375
551,0.10498046875,0.0830078125,0.1025390625,0.64208984375
552,0.09521484375,0.078125,0.10498046875,0.64208984375
553,0.09033203125,0.07568359375,0.10986328125,0.64208984375
554,0.087890625,0.07568359375,0.1123046875,0.64208984375
555,0.087890625,0.0732421875,0.1123046875,0.64208984375
556,0.08544921875,0.07080078125,0.11474609375,0.64208984375
557,0.08544921875,0.068359375,0.11474609375,0.64208984375
558,0.0830078125,0.0634765625,0.11474609375,0.64208984375
559,0.0830078125,0.0634765625,0.11474609375,0.64208984375
560,0.08544921875,0.06103515625,0.11474609375,0.64208984375
561,0.08544921875,0.05859375,0.11474609375,0.64208984375
562,0.08544921875,0.05859375,0.11474609375,0.64208984375
563,0.08544921875,0.05859375,0.11474609375,0.64208984375
564,0.08544921875,0.05859375,0.1123046875,0.64208984375
565,0.08544921875,0.05859375,0.1123046875,0.64208984375
566,0.08544921875,0.05615234375,0.1123046875,0.64208984375
567,0.08544921875,0.0537109375,0.1123046875,0.64208984375
568,0.08544921875,0.05126953125,0.1123046875,0.64208984375
569,0.08544921875,0.04638671875,0.1123046875,0.64208984375
570,0.0830078125,0.0439453125,0.1123046875,0.64208984375
571,0.0830078125,0.04150390625,0.1123046875,0.64208984375
572,0.0830078125,0.0390625,0.1123046875,0.64208984375
573,0.08056640625,0.03662109375,0.1123046875,0.64208984375
574,0.08056640625,0.0341796875,0.1123046875,0.64208984375
575,0.078125,0.03173828125,0.1123046875,0.64208984375
576,0.07568359375,0.029296875,0.1123046875,0.64208984375
577,0.07568359375,0.029296875,0.1123046875,0.64208984375
578,0.07568359375,0.02685546875,0.1123046875,0.64208984375
579,0.07568359375,0.02685546875,0.1123046875,0.64208984375
580,0.0732421875,0.02685546875,0.1123046875,0.64208984375
581,0.0732421875,0.0244140625,0.1123046875,0.64208984375
582,0.07080078125,0.0244140625,0.1123046875,0.64208984375
583,0.06591796875,0.02197265625,0.1123046875,0.64208984375
584,0.0634765625,0.0146484375,0.1123046875,0.64208984375
585,0.06103515625,0.0146484375,0.1123046875,0.64208984375
586,0.06103515625,0.0146484375,0.1123046875,0.64208984375
587,0.06103515625,0.01220703125,0.1123046875,0.64208984375
588,0.06103515625,0.01220703125,0.1123046875,0.64208984375
589,0.06103515625,0.01220703125,0.1123046875,0.64208984375
590,0.05859375,0.01220703125,0.1123046875,0.64208984375
591,0.05859375,0.01220703125,0.1123046875,0.64208984375
592,0.05615234375,0.009765625,0.1123046875,0.64208984375
593,0.05615234375,0.00732421875,0.1123046875,0.64208984375
594,0.05615234375,0.00732421875,0.1123046875,0.64208984375
595,0.05615234375,0.00732421875,0.1123046875,0.64208984375
596,0.05615234375,0.00732421875,0.1123046875,0.64208984375
597,0.0537109375,0.00732421875,0.1123046875,0.64208984375
598,0.0537109375,0.00732421875,0.1123046875,0.64208984375
599,0.0537109375,0.0048828125,0.1123046875,0.64208984375
600,0.0537109375,0.0048828125,0.1123046875,0.64208984375
601,0.0537109375,0.00244140625,0.1123046875,0.64208984375
602,0.05126953125,0.0,0.1123046875,0.64208984375
603,0.05126953125,0.0,0.1123046875,0.64208984375
604,0.05126953125,0.0,0.1123046875,0.64208984375
605,0.05126953125,0.0,0.1123046875,0.64208984375
606,0.05126953125,0.0,0.1123046875,0.64208984375
607,0.05126953125,0.0,0.1123046875,0.64208984375
608,0.05126953125,0.0,0.1123046875,0.64208984375
609,0.05126953125,0.0,0.1123046875,0.64208984375
610,0.05126953125,0.0,0.1123046875,0.64208984375
611,0.05126953125,0.0,0.1123046875,0.64208984375
612,0.05126953125,0.0,0.1123046875,0.64208984375
613,0.05126953125,0.0,0.1123046875,0.64208984375
614,0.05126953125,0.0,0.1123046875,0.64208984375
615,0.05126953125,0.0,0.1123046875,0.64208984375
616,0.05126953125,0.0,0.1123046875,0.64208984375
617,0.05126953125,0.0,0.1123046875,0.64208984375
618,0.05126953125,0.0,0.1123046875,0.64208984375
619,0.0537109375,0.0,0.1123046875,0.64208984375
620,0.0537109375,0.0,0.1123046875,0.64208984375
621,0.0537109375,0.0,0.1123046875,0.64208984375
622,0.0537109375,0.0,0.1123046875,0.64208984375
623,0.0537109375,0.00244140625,0.1123046875,0.64208984375
624,0.0537109375,0.00244140625,0.1123046875,0.64208984375
625,0.0537109375,0.00244140625,0.1123046875,0.64208984375
626,0.0537109375,0.00244140625,0.1123046875,0.64208984375
627,0.0537109375,0.00244140625,0.1123046875,0.64208984375
628,0.0537109375,0.00244140625,0.1123046875,0.64208984375
629,0.0537109375,0.00244140625,0.1123046875,0.64208984375
630,0.0537109375,0.00244140625,0.1123046875,0.64208984375
631,0.0537109375,0.00244140625,0.1123046875,0.64208984375
632,0.0537109375,0.00244140625,0.1123046875,0.64208984375
633,0.0537109375,0.00244140625,0.1123046875,0.64208984375
634,0.0537109375,0.00244140625,0.1123046875,0.64208984375
635,0.0537109375,0.00244140625,0.1123046875,0.64208984375
636,0.0537109375,0.0048828125,0.1123046875,0.64208984375
637,0.0537109375,0.0048828125,0.1123046875,0.64208984375
638,0.0537109375,0.0048828125,0.1123046875,0.64208984375
639,0.0537109375,0.0048828125,0.1123046875,0.64208984375
640,0.0537109375,0.0048828125,0.1123046875,0.64208984375
641,0.0537109375,0.0048828125,0.1123046875,0.64208984375
642,0.0537109375,0.0048828125,0.1123046875,0.64208984375
643,0.0537109375,0.0048828125,0.1123046875,0.64208984375
644,0.0537109375,0.0048828125,0.1123046875,0.64208984375
645,0.0537109375,0.00732421875,0.1123046875,0.64208984375
646,0.0537109375,0.00732421875,0.1123046875,0.64208984375
647,0.0537109375,0.00732421875,0.1123046875,0.64208984375
648,0.0537109375,0.00732421875,0.1123046875,0.64208984375
649,0.0537109375,0.00732421875,0.1123046875,0.64208984375
650,0.0537109375,0.00732421875,0.1123046875,0.64208984375
651,0.0537109375,0.00732421875,0.1123046875,0.64208984375
652,0.0537109375,0.00732421875,0.1123046875,0.64208984375
653,0.0537109375,0.00732421875,0.1123046875,0.64208984375
654,0.05615234375,0.00732421875,0.1123046875,0.64208984375
655,0.05615234375,0.00732421875,0.1123046875,0.64208984375
656,0.05615234375,0.00732421875,0.1123046875,0.64208984375
657,0.05615234375,0.00732421875,0.1123046875,0.64208984375
658,0.05615234375,0.00732421875,0.1123046875,0.64208984375
659,0.05615234375,0.00732421875,0.1123046875,0.64208984375
660,0.05615234375,0.00732421875,0.1025390625,0.6591796875
661,0.05615234375,0.00732421875,0.068359375,0.693359375
662,0.05615234375,0.00732421875,0.03662109375,0.71533203125
663,0.05615234375,0.00732421875,0.01953125,0.72509765625
664,0.05615234375,0.00732421875,0.01708984375,0.72509765625
665,0.05615234375,0.00732421875,0.01708984375,0.72509765625
666,0.05615234375,0.00732421875,0.01708984375,0.72509765625
667,0.05615234375,0.00732421875,0.01953125,0.72509765625
668,0.05615234375,0.00732421875,0.02197265625,0.72509765625
669,0.05615234375,0.00732421875,0.02197265625,0.72509765625
670,0.05615234375,0.00732421875,0.02197265625,0.72509765625
671,0.05615234375,0.00732421875,0.0244140625,0.72509765625
672,0.05615234375,0.00732421875,0.0244140625,0.72509765625
673,0.05615234375,0.00732421875,0.0244140625,0.72509765625
674,0.05859375,0.00732421875,0.0244140625,0.72509765625
675,0.05859375,0.00732421875,0.0244140625,0.72509765625
676,0.05859375,0.00732421875,0.0244140625,0.72509765625
677,0.06103515625,0.00732421875,0.0244140625,0.72509765625
678,0.06103515625,0.00732421875,0.02685546875,0.72509765625
679,0.06103515625,0.00732421875,0.02685546875,0.72509765625
680,0.06103515625,0.00732421875,0.02685546875,0.72509765625
681,0.06103515625,0.00732421875,0.02685546875,0.72509765625
682,0.06103515625,0.00732421875,0.02685546875,0.72509765625
683,0.06103515625,0.00732421875,0.02685546875,0.72509765625
684,0.06103515625,0.00732421875,0.02685546875,0.72509765625
685,0.06103515625,0.00732421875,0.02685546875,0.72509765625
686,0.06103515625,0.00732421875,0.02685546875,0.72509765625
687,0.06103515625,0.00732421875,0.02685546875,0.72509765625
688,0.06103515625,0.00732421875,0.02685546875,0.72509765625
689,0.06103515625,0.00732421875,0.02685546875,0.72509765625
690,0.06103515625,0.00732421875,0.02685546875,0.72509765625
691,0.06103515625,0.00732421875,0.02685546875,0.72509765625
692,0.06103515625,0.00732421875,0.02685546875,0.72509765625
693,0.06103515625,0.00732421875,0.02685546875,0.72509765625
694,0.06103515625,0.00732421875,0.02685546875,0.72509765625
695,0.06103515625,0.00732421875,0.02685546875,0.72509765625
696,0.0634765625,0.00732421875,0.02685546875,0.72509765625
697,0.0634765625,0.00732421875,0.02685546875,0.72509765625
698,0.0634765625,0.00732421875,0.02685546875,0.72509765625
699,0.0634765625,0.00732421875,0.02685546875,0.72509765625
700,0.0634765625,0.00732421875,0.02685546875,0.72509765625
701,0.0634765625,0.00732421875,0.02685546875,0.72509765625
702,0.0634765625,0.00732421875,0.02685546875,0.72509765625
703,0.0634765625,0.00732421875,0.02685546875,0.72509765625
704,0.0634765625,0.00732421875,0.02685546875,0.72509765625
705,0.0634765625,0.00732421875,0.02685546875,0.72509765625
706,0.0634765625,0.00732421875,0.02685546875,0.72509765625
707,0.06103515625,0.00732421875,0.02685546875,0.72509765625
708,0.0439453125,0.0,0.02685546875,0.72509765625
709,0.01708984375,-0.00732421875,0.02685546875,0.72509765625
710,0.00732421875,-0.00732421875,0.02685546875,0.72509765625
711,0.0048828125,-0.00732421875,0.02685546875,0.72509765625
712,0.0,-0.00732421875,0.02685546875,0.72509765625
713,-0.0048828125,-0.00732421875,0.02685546875,0.72509765625
714,-0.01220703125,-0.00732421875,0.02685546875,0.72509765625
715,-0.0244140625,-0.00732421875,0.02685546875,0.72509765625
716,-0.0439453125,-0.00732421875,0.02685546875,0.72509765625
717,-0.05859375,-0.009765625,0.02685546875,0.72509765625
718,-0.068359375,-0.009765625,0.02685546875,0.72509765625
719,-0.0732421875,-0.009765625,0.02685546875,0.72509765625
720,-0.0732421875,-0.009765625,0.02685546875,0.72509765625
721,-0.07568359375,-0.009765625,0.02685546875,0.72509765625
722,-0.07568359375,-0.009765625,0.02685546875,0.72509765625
723,-0.07568359375,-0.009765625,0.02685546875,0.72509765625
724,-0.07568359375,-0.009765625,0.02685546875,0.72509765625
725,-0.07568359375,-0.00732421875,0.02685546875,0.72509765625
726,-0.07568359375,-0.0048828125,0.02685546875,0.72509765625
727,-0.07568359375,-0.0048828125,0.02685546875,0.72509765625
728,-0.07568359375,-0.0048828125,0.02685546875,0.72509765625
729,-0.07568359375,-0.0048828125,0.02685546875,0.72509765625
730,-0.078125,-0.0048828125,0.02685546875,0.72509765625
731,-0.0927734375,0.0,0.02685546875,0.72509765625
732,-0.09521484375,0.0,0.02685546875,0.72509765625
733,-0.10009765625,0.0,0.02685546875,0.72509765625
734,-0.10009765625,0.0,0.02685546875,0.72509765625
735,-0.10498046875,0.0,0.02685546875,0.72509765625
736,-0.10986328125,0.0,0.02685546875,0.72509765625
737,-0.1123046875,0.0,0.02685546875,0.72509765625
738,-0.11474609375,0.0,0.02685546875,0.72509765625
739,-0.11474609375,0.0,0.02685546875,0.72509765625
740,-0.11474609375,0.0,0.02685546875,0.72509765625
741,-0.11474609375,0.0,0.02685546875,0.72509765625
742,-0.1171875,0.0,0.02685546875,0.72509765625
743,-0.11962890625,0.0,0.02685546875,0.72509765625
744,-0.11962890625,0.0,0.02685546875,0.72509765625
745,-0.11962890625,0.0,0.02685546875,0.72509765625
746,-0.11962890625,0.0,0.02685546875,0.72509765625
747,-0.11962890625,0.0,0.02685546875,0.72509765625
748,-0.11962890625,0.0,0.02685546875,0.72509765625
749,-0.11962890625,0.0,0.02685546875,0.72509765625
750,-0.11962890625,0.0,0.02685546875,0.72509765625
751,-0.11962890625,0.0,0.02685546875,0.72509765625
752,-0.11962890625,0.0,0.02685546875,0.72509765625
753,-0.11962890625,0.0,0.02685546875,0.72509765625
754,-0.11962890625,0.0,0.02685546875,0.72509765625
755,-0.11962890625,0.0,0.02685546875,0.72509765625
756,-0.11962890625,0.0,0.02685546875,0.72509765625
757,-0.11962890625,0.0,0.02685546875,0.72509765625
758,-0.11962890625,0.0,0.02685546875,0.72509765625
759,-0.11962890625,0.0,0.02685546875,0.72509765625
760,-0.11962890625,0.0,0.02685546875,0.72509765625
761,-0.11962890625,0.0,0.02685546875,0.72509765625
762,-0.11962890625,0.0,0.02685546875,0.72509765625
763,-0.11962890625,0.0,0.02685546875,0.72509765625
764,-0.11962890625,0.0,0.02685546875,0.72509765625
765,-0.11962890625,0.0,0.02685546875,0.72509765625
766,-0.11962890625,0.0,0.02685546875,0.72509765625
767,-0.11962890625,0.0,0.02685546875,0.72509765625
768,-0.11962890625,-0.00244140625,0.02685546875,0.72509765625
769,-0.11962890625,-0.00244140625,0.02685546875,0.72509765625
770,-0.11962890625,-0.00244140625,0.02685546875,0.72509765625
771,-0.11962890625,-0.00244140625,0.02685546875,0.72509765625
772,-0.11962890625,-0.00244140625,0.02685546875,0.72509765625
773,-0.11962890625,-0.00244140625,0.02685546875,0.72509765625
774,-0.11962890625,-0.00244140625,0.02685546875,0.72509765625
775,-0.11962890625,-0.00244140625,0.02685546875,0.72509765625
776,-0.11962890625,-0.00244140625,0.02685546875,0.72509765625
777,-0.11962890625,-0.00244140625,0.02685546875,0.72509765625
778,-0.1220703125,-0.00244140625,0.02685546875,0.72509765625
779,-0.1220703125,-0.00244140625,0.02685546875,0.72509765625
780,-0.1220703125,-0.00244140625,0.02685546875,0.72509765625
781,-0.1220703125,-0.00244140625,0.02685546875,0.72509765625
782,-0.1220703125,-0.00244140625,0.02685546875,0.72509765625
783,-0.1220703125,-0.00244140625,0.02685546875,0.72509765625
784,-0.1220703125,-0.00244140625,0.02685546875,0.72509765625
785,-0.1220703125,-0.00244140625,0.02685546875,0.72509765625
786,-0.12451171875,-0.00244140625,0.02685546875,0.72265625
787,-0.12451171875,-0.00244140625,0.029296875,0.72265625
788,-0.12451171875,-0.00244140625,0.029296875,0.72265625
789,-0.12451171875,-0.00244140625,0.029296875,0.72265625
790,-0.12451171875,-0.00244140625,0.029296875,0.72265625
791,-0.12451171875,-0.00244140625,0.029296875,0.72265625
792,-0.12451171875,-0.00244140625,0.03173828125,0.72265625
793,-0.12451171875,-0.00244140625,0.03173828125,0.72265625
794,-0.12451171875,-0.00244140625,0.0341796875,0.72265625
795,-0.126953125,-0.00244140625,0.0341796875,0.72265625
796,-0.126953125,-0.00244140625,0.0341796875,0.72021484375
797,-0.12939453125,-0.00244140625,0.0341796875,0.72021484375
798,-0.12939453125,-0.00244140625,0.0341796875,0.72021484375
799,-0.12939453125,-0.00244140625,0.0341796875,0.72021484375
800,-0.12939453125,-0.00244140625,0.0341796875,0.72021484375
801,-0.12939453125,-0.00244140625,0.0341796875,0.72021484375
802,-0.1318359375,-0.00244140625,0.0341796875,0.72021484375
803,-0.1318359375,-0.00244140625,0.0341796875,0.72021484375
804,-0.1318359375,-0.00244140625,0.0341796875,0.72021484375
805,-0.1318359375,-0.00244140625,0.0341796875,0.72021484375
806,-0.1318359375,-0.00244140625,0.0341796875,0.72021484375
807,-0.1318359375,-0.00244140625,0.0341796875,0.72021484375
808,-0.1318359375,-0.00244140625,0.0341796875,0.72021484375
809,-0.1318359375,-0.00244140625,0.0341796875,0.72021484375
810,-0.1318359375,-0.00244140625,0.0341796875,0.72021484375
811,-0.1318359375,-0.00244140625,0.0341796875,0.72021484375
812,-0.1318359375,-0.00244140625,0.0341796875,0.72021484375
813,-0.1318359375,-0.00244140625,0.0341796875,0.72021484375
814,-0.1318359375,-0.00244140625,0.0341796875,0.72021484375
815,-0.1318359375,-0.00244140625,0.0341796875,0.72021484375
816,-0.1318359375,-0.00244140625,0.0341796875,0.72021484375
817,-0.1318359375,-0.00244140625,0.0341796875,0.72021484375
818,-0.1318359375,-0.00244140625,0.0341796875,0.72021484375
819,-0.1318359375,-0.00244140625,0.0341796875,0.72021484375
820,-0.1318359375,-0.00244140625,0.0341796875,0.72021484375
821,-0.1318359375,-0.00244140625,0.0341796875,0.72021484375
822,-0.1318359375,-0.00244140625,0.0341796875,0.72021484375
823,-0.1318359375,-0.00244140625,0.0341796875,0.72021484375
824,-0.1318359375,-0.00244140625,0.0341796875,0.72021484375
825,-0.1318359375,-0.00244140625,0.0341796875,0.72021484375
826,-0.1318359375,-0.00244140625,0.0341796875,0.72021484375
827,-0.1318359375,-0.00244140625,0.0341796875,0.72021484375
828,-0.1318359375,-0.00244140625,0.0341796875,0.72021484375
829,-0.1318359375,-0.00244140625,0.0341796875,0.72021484375
830,-0.1318359375,-0.00244140625,0.0341796875,0.72021484375
831,-0.1318359375,-0.00244140625,0.0341796875,0.72021484375
832,-0.1318359375,-0.00244140625,0.0341796875,0.72021484375
833,-0.1318359375,-0.00244140625,0.0341796875,0.72021484375
834,-0.1318359375,-0.00244140625,0.0341796875,0.72021484375
835,-0.1318359375,-0.00244140625,0.0341796875,0.72021484375
836,-0.1318359375,-0.00244140625,0.0341796875,0.72021484375
837,-0.1318359375,-0.00244140625,0.0341796875,0.72021484375
838,-0.1318359375,-0.00244140625,0.0341796875,0.72021484375
839,-0.1318359375,-0.00244140625,0.0341796875,0.72021484375
840,-0.1318359375,-0.00244140625,0.0341796875,0.72021484375
841,-0.1318359375,-0.00244140625,0.0341796875,0.72021484375
842,-0.1318359375,-0.00244140625,0.0341796875,0.72021484375
843,-0.1318359375,-0.00244140625,0.0341796875,0.72021484375
844,-0.1318359375,-0.00244140625,0.0341796875,0.72021484375
845,-0.1318359375,-0.00244140625,0.0341796875,0.72021484375
846,-0.1318359375,-0.00244140625,0.0341796875,0.72021484375
847,-0.1318359375,-0.00244140625,0.0341796875,0.72021484375
848,-0.1318359375,-0.00244140625,0.0341796875,0.72021484375
849,-0.1318359375,-0.00244140625,0.0341796875,0.72021484375
850,-0.1318359375,-0.00244140625,0.0341796875,0.72021484375
851,-0.1318359375,-0.00244140625,0.0341796875,0.72021484375
852,-0.1318359375,-0.00244140625,0.0341796875,0.72021484375
853,-0.1318359375,-0.00244140625,0.0341796875,0.72021484375
854,-0.1318359375,-0.00244140625,0.0341796875,0.72021484375
855,-0.1318359375,-0.00244140625,0.0341796875,0.72021484375
856,-0.12939453125,-0.00244140625,0.0341796875,0.72021484375
857,-0.12939453125,-0.00244140625,0.0341796875,0.72021484375
858,-0.12939453125,-0.00244140625,0.0341796875,0.72021484375
859,-0.12939453125,-0.00244140625,0.0341796875,0.72021484375
860,-0.12939453125,-0.00244140625,0.0341796875,0.72021484375
861,-0.12939453125,-0.00244140625,0.0341796875,0.72021484375
862,-0.12939453125,-0.00244140625,0.0341796875,0.72021484375
863,-0.12939453125,0.0,0.0341796875,0.72021484375
864,-0.12939453125,0.0,0.0341796875,0.72021484375
865,-0.12939453125,0.0,0.0341796875,0.72021484375
866,-0.12939453125,0.0,0.0341796875,0.72021484375
867,-0.12939453125,0.0,0.0341796875,0.72021484375
868,-0.12939453125,0.0,0.0341796875,0.72021484375
869,-0.12939453125,0.0,0.0341796875,0.72021484375
870,-0.12939453125,0.0,0.0341796875,0.72021484375
871,-0.12939453125,0.0,0.0341796875,0.72021484375
872,-0.12939453125,0.0,0.0341796875,0.72021484375
873,-0.12939453125,0.0,0.0341796875,0.72021484375
874,-0.126953125,0.0,0.0341796875,0.72021484375
875,-0.126953125,0.0,0.0341796875,0.72021484375
876,-0.126953125,0.0,0.0341796875,0.72021484375
877,-0.126953125,0.0,0.0341796875,0.72021484375
878,-0.126953125,0.0,0.0341796875,0.72021484375
879,-0.126953125,0.0,0.0341796875,0.72021484375
880,-0.126953125,0.0,0.0341796875,0.72021484375
881,-0.126953125,0.0,0.0341796875,0.72021484375
882,-0.126953125,0.0,0.0341796875,0.72021484375
883,-0.12451171875,0.0,0.0341796875,0.72021484375
884,-0.12451171875,0.00244140625,0.0341796875,0.72021484375
885,-0.11474609375,0.00244140625,0.0341796875,0.72021484375
886,-0.09521484375,0.00244140625,0.0341796875,0.72021484375
887,-0.0732421875,0.0,0.0341796875,0.72021484375
888,-0.0537109375,-0.00244140625,0.0341796875,0.72021484375
889,-0.04638671875,-0.0048828125,0.0341796875,0.72021484375
890,-0.04150390625,-0.00732421875,0.0341796875,0.72021484375
891,-0.0390625,-0.00732421875,0.0341796875,0.72021484375
892,-0.03173828125,-0.009765625,0.0341796875,0.72021484375
893,-0.029296875,-0.009765625,0.0341796875,0.72021484375
894,-0.0244140625,-0.009765625,0.0341796875,0.72021484375
895,-0.01953125,-0.009765625,0.0341796875,0.72021484375
896,-0.01708984375,-0.009765625,0.0341796875,0.72021484375
897,-0.01708984375,-0.009765625,0.0341796875,0.72021484375
898,-0.01708984375,-0.009765625,0.0341796875,0.72021484375
899,-0.01708984375,-0.009765625,0.0341796875,0.72021484375
900,-0.01708984375,-0.009765625,0.0341796875,0.72021484375
901,-0.01708984375,-0.009765625,0.0341796875,0.72021484375
902,-0.01708984375,-0.009765625,0.0341796875,0.72021484375
903,-0.01708984375,-0.009765625,0.0341796875,0.72021484375
904,-0.01708984375,-0.009765625,0.0341796875,0.72021484375
905,-0.01708984375,-0.01220703125,0.0341796875,0.72021484375
906,-0.01708984375,-0.01220703125,0.0341796875,0.72021484375
907,-0.01953125,-0.0146484375,0.0341796875,0.72021484375
908,-0.01953125,-0.0146484375,0.0341796875,0.72021484375
909,-0.01953125,-0.0146484375,0.0341796875,0.72021484375
910,-0.01953125,-0.0146484375,0.0341796875,0.72021484375
911,-0.01953125,-0.0146484375,0.0341796875,0.72021484375
912,-0.01953125,-0.0146484375,0.0341796875,0.72021484375
913,-0.01953125,-0.0146484375,0.0341796875,0.72021484375
914,-0.02197265625,-0.0146484375,0.0341796875,0.72021484375
915,-0.0244140625,-0.0146484375,0.0341796875,0.72021484375
916,-0.0341796875,-0.01708984375,0.0341796875,0.72021484375
917,-0.0634765625,-0.01953125,0.0341796875,0.72021484375
918,-0.0830078125,-0.01953125,0.0341796875,0.72021484375
919,-0.10498046875,-0.01953125,0.0341796875,0.72021484375
920,-0.11962890625,-0.02197265625,0.0341796875,0.72021484375
921,-0.1318359375,-0.02197265625,0.0341796875,0.72021484375
922,-0.14404296875,-0.02197265625,0.0341796875,0.72021484375
923,-0.14892578125,-0.0244140625,0.0341796875,0.72021484375
924,-0.15625,-0.02685546875,0.0341796875,0.72021484375
925,-0.1611328125,-0.03662109375,0.0341796875,0.72021484375
926,-0.16845703125,-0.0537109375,0.0341796875,0.72021484375
927,-0.17333984375,-0.06591796875,0.0341796875,0.72021484375
928,-0.17578125,-0.0830078125,0.0341796875,0.72021484375
929,-0.17822265625,-0.1025390625,0.0341796875,0.72021484375
930,-0.1806640625,-0.1220703125,0.0341796875,0.72021484375
931,-0.18310546875,-0.1416015625,0.0341796875,0.72021484375
932,-0.1806640625,-0.15869140625,0.0341796875,0.72021484375
933,-0.17578125,-0.17333984375,0.0341796875,0.72021484375
934,-0.15625,-0.19287109375,0.0341796875,0.72021484375
935,-0.13916015625,-0.20263671875,0.0341796875,0.72021484375
936,-0.1318359375,-0.20751953125,0.0341796875,0.72021484375
937,-0.12451171875,-0.20751953125,0.0341796875,0.72021484375
938,-0.1171875,-0.20751953125,0.0341796875,0.72021484375
939,-0.10986328125,-0.20751953125,0.0341796875,0.72021484375
940,-0.10009765625,-0.2099609375,0.0341796875,0.72021484375
941,-0.09765625,-0.21240234375,0.0341796875,0.72021484375
942,-0.09765625,-0.21728515625,0.0341796875,0.72021484375
943,-0.09765625,-0.224609375,0.0341796875,0.72021484375
944,-0.10009765625,-0.2294921875,0.0341796875,0.72021484375
945,-0.10009765625,-0.234375,0.0341796875,0.72021484375
946,-0.1025390625,-0.23681640625,0.0341796875,0.72021484375
947,-0.1025390625,-0.2392578125,0.03662109375,0.72021484375
948,-0.10498046875,-0.24658203125,0.0537109375,0.70556640625
949,-0.10498046875,-0.24658203125,0.068359375,0.693359375
950,-0.10498046875,-0.2490234375,0.0732421875,0.69091796875
951,-0.10498046875,-0.2490234375,0.07568359375,0.69091796875
952,-0.10498046875,-0.2490234375,0.078125,0.69091796875
953,-0.10498046875,-0.2490234375,0.078125,0.69091796875
954,-0.1025390625,-0.25146484375,0.0830078125,0.69091796875
955,-0.1025390625,-0.25146484375,0.08544921875,0.6884765625
956,-0.10009765625,-0.25146484375,0.08544921875,0.6884765625
957,-0.10009765625,-0.25146484375,0.087890625,0.6884765625
958,-0.10009765625,-0.25146484375,0.087890625,0.6884765625
959,-0.10009765625,-0.25146484375,0.09033203125,0.6884765625
960,-0.10009765625,-0.25146484375,0.09033203125,0.6884765625
961,-0.10009765625,-0.25146484375,0.09033203125,0.6884765625
962,-0.10009765625,-0.25146484375,0.0927734375,0.69091796875
963,-0.10009765625,-0.25146484375,0.0927734375,0.69091796875
964,-0.10009765625,-0.25146484375,0.0927734375,0.69091796875
965,-0.10009765625,-0.25390625,0.0927734375,0.69091796875
966,-0.10009765625,-0.25634765625,0.0927734375,0.69091796875
967,-0.10009765625,-0.2587890625,0.0927734375,0.69091796875
968,-0.10009765625,-0.2587890625,0.0927734375,0.69091796875
969,-0.10009765625,-0.2587890625,0.0927734375,0.69091796875
970,-0.10009765625,-0.2587890625,0.0927734375,0.69091796875
971,-0.09765625,-0.2587890625,0.09521484375,0.69091796875
972,-0.09765625,-0.2587890625,0.09521484375,0.69091796875
973,-0.09765625,-0.26123046875,0.09521484375,0.69091796875
974,-0.0927734375,-0.263671875,0.09765625,0.69091796875
975,-0.09033203125,-0.263671875,0.09765625,0.69091796875
976,-0.087890625,-0.26611328125,0.09765625,0.69091796875
977,-0.0830078125,-0.26611328125,0.09765625,0.69091796875
978,-0.08056640625,-0.26611328125,0.09765625,0.69091796875
979,-0.08056640625,-0.26611328125,0.09765625,0.69091796875
980,-0.08056640625,-0.2685546875,0.09765625,0.69091796875
981,-0.08056640625,-0.2685546875,0.09765625,0.69091796875
982,-0.08056640625,-0.2685546875,0.09765625,0.69091796875
983,-0.078125,-0.2685546875,0.09765625,0.69091796875
984,-0.078125,-0.2685546875,0.09765625,0.69091796875
985,-0.078125,-0.2685546875,0.09765625,0.69091796875
986,-0.07568359375,-0.27099609375,0.09765625,0.69091796875
987,-0.07568359375,-0.27099609375,0.09765625,0.69091796875
988,-0.07080078125,-0.2734375,0.09765625,0.69091796875
989,-0.0439453125,-0.28564453125,0.09765625,0.69091796875
990,-0.01708984375,-0.29541015625,0.09765625,0.69091796875
991,0.009765625,-0.302734375,0.09765625,0.69091796875
992,0.0244140625,-0.3076171875,0.09765625,0.69091796875
993,0.0341796875,-0.31005859375,0.09765625,0.69091796875
994,0.0341796875,-0.31005859375,0.09765625,0.69091796875
995,0.0341796875,-0.3125,0.09765625,0.69091796875
996,0.03173828125,-0.31494140625,0.09765625,0.69091796875
997,0.03173828125,-0.31494140625,0.09765625,0.69091796875
998,0.029296875,-0.3173828125,0.09765625,0.69091796875
999,0.029296875,-0.3173828125,0.09765625,0.69091796875
1000,0.029296875,-0.3173828125,0.09765625,0.69091796875
1001,0.02685546875,-0.3173828125,0.09765625,0.69091796875
1002,0.02685546875,-0.3173828125,0.09765625,0.69091796875
1003,0.02685546875,-0.31982421875,0.09765625,0.69091796875
1004,0.02685546875,-0.32470703125,0.09765625,0.69091796875
1005,0.029296875,-0.3271484375,0.09765625,0.69091796875
1006,0.029296875,-0.3271484375,0.09765625,0.69091796875
1007,0.029296875,-0.3271484375,0.09765625,0.69091796875
1008,0.029296875,-0.3271484375,0.09765625,0.69091796875
1009,0.029296875,-0.3271484375,0.09765625,0.69091796875
1010,0.029296875,-0.3271484375,0.09765625,0.69091796875
1011,0.029296875,-0.3271484375,0.09765625,0.69091796875
1012,0.029296875,-0.32958984375,0.09765625,0.69091796875
1013,0.029296875,-0.32958984375,0.09765625,0.69091796875
1014,0.029296875,-0.32958984375,0.09765625,0.69091796875
1015,0.029296875,-0.32958984375,0.09765625,0.69091796875
1016,0.029296875,-0.32958984375,0.09765625,0.69091796875
1017,0.029296875,-0.32958984375,0.09765625,0.69091796875
1018,0.029296875,-0.32958984375,0.09765625,0.69091796875
1019,0.029296875,-0.32958984375,0.09765625,0.69091796875
1020,0.03173828125,-0.33203125,0.09765625,0.69091796875
1021,0.03662109375,-0.33203125,0.09765625,0.69091796875
1022,0.04150390625,-0.33447265625,0.09765625,0.69091796875
1023,0.0439453125,-0.33447265625,0.09765625,0.69091796875
1024,0.048828125,-0.3369140625,0.09765625,0.69091796875
1025,0.048828125,-0.3369140625,0.09765625,0.69091796875
1026,0.048828125,-0.33935546875,0.09765625,0.69091796875
1027,0.05126953125,-0.341796875,0.09765625,0.69091796875
1028,0.05126953125,-0.3466796875,0.09765625,0.69091796875
1029,0.0537109375,-0.34912109375,0.09765625,0.69091796875
1030,0.05615234375,-0.34912109375,0.09765625,0.69091796875
1031,0.05615234375,-0.34912109375,0.09765625,0.69091796875
1032,0.05615234375,-0.3515625,0.09765625,0.69091796875
1033,0.05859375,-0.3515625,0.09765625,0.69091796875
1034,0.0634765625,-0.35400390625,0.09765625,0.69091796875
1035,0.06591796875,-0.3564453125,0.09765625,0.69091796875
1036,0.07080078125,-0.3564453125,0.09765625,0.69091796875
1037,0.078125,-0.35888671875,0.09765625,0.69091796875
1038,0.0830078125,-0.361328125,0.09765625,0.69091796875
1039,0.087890625,-0.3662109375,0.09765625,0.69091796875
1040,0.09033203125,-0.3662109375,0.09765625,0.69091796875
1041,0.0927734375,-0.3662109375,0.09765625,0.69091796875
1042,0.09521484375,-0.36865234375,0.09765625,0.69091796875
1043,0.09521484375,-0.36865234375,0.09765625,0.69091796875
1044,0.09765625,-0.36865234375,0.09765625,0.69091796875
1045,0.09765625,-0.36865234375,0.09765625,0.69091796875
1046,0.09765625,-0.36865234375,0.09765625,0.69091796875
1047,0.10009765625,-0.36865234375,0.09765625,0.69091796875
1048,0.10009765625,-0.36865234375,0.09765625,0.69091796875
1049,0.10009765625,-0.36865234375,0.09765625,0.69091796875
1050,0.10009765625,-0.36865234375,0.09765625,0.69091796875
1051,0.10009765625,-0.36865234375,0.09765625,0.69091796875
1052,0.10009765625,-0.36865234375,0.09765625,0.69091796875
1053,0.10009765625,-0.36865234375,0.09765625,0.69091796875
1054,0.10009765625,-0.36865234375,0.09765625,0.69091796875
1055,0.10009765625,-0.36865234375,0.09765625,0.69091796875
1056,0.10009765625,-0.36865234375,0.09765625,0.69091796875
1057,0.10009765625,-0.36865234375,0.09765625,0.69091796875
1058,0.10009765625,-0.36865234375,0.09765625,0.69091796875
1059,0.10009765625,-0.36865234375,0.09765625,0.69091796875
1060,0.10009765625,-0.36865234375,0.09765625,0.69091796875
1061,0.10009765625,-0.36865234375,0.09765625,0.69091796875
1062,0.10009765625,-0.36865234375,0.09521484375,0.693359375
1063,0.10009765625,-0.36865234375,0.08544921875,0.69091796875
1064,0.10009765625,-0.36865234375,0.078125,0.693359375
1065,0.10009765625,-0.36865234375,0.07568359375,0.693359375
1066,0.10009765625,-0.36865234375,0.0732421875,0.693359375
1067,0.10009765625,-0.36865234375,0.068359375,0.693359375
1068,0.10009765625,-0.36865234375,0.06103515625,0.693359375
1069,0.10009765625,-0.36865234375,0.05126953125,0.693359375
1070,0.10009765625,-0.36865234375,0.0390625,0.69091796875
1071,0.10009765625,-0.36865234375,0.029296875,0.6884765625
1072,0.10009765625,-0.36865234375,0.0244140625,0.68359375
1073,0.10009765625,-0.36865234375,0.02197265625,0.68359375
1074,0.10009765625,-0.36865234375,0.02197265625,0.68359375
1075,0.10009765625,-0.36865234375,0.02197265625,0.68359375
1076,0.10009765625,-0.36865234375,0.02197265625,0.68359375
1077,0.10009765625,-0.36865234375,0.02197265625,0.68359375
1078,0.10009765625,-0.36865234375,0.02197265625,0.68359375
1079,0.10009765625,-0.36865234375,0.02197265625,0.68359375
1080,0.10009765625,-0.36865234375,0.02197265625,0.68359375
1081,0.10009765625,-0.36865234375,0.02197265625,0.68359375
1082,0.10009765625,-0.36865234375,0.02197265625,0.68359375
1083,0.10009765625,-0.36865234375,0.02197265625,0.68359375
1084,0.10009765625,-0.36865234375,0.02197265625,0.68359375
1085,0.10009765625,-0.36865234375,0.02197265625,0.68359375
1086,0.10009765625,-0.36865234375,0.0244140625,0.68359375
1087,0.10009765625,-0.36865234375,0.0341796875,0.68359375
1088,0.10009765625,-0.36865234375,0.04638671875,0.68115234375
1089,0.10009765625,-0.36865234375,0.0537109375,0.67626953125
1090,0.10009765625,-0.36865234375,0.06103515625,0.6640625
1091,0.10009765625,-0.36865234375,0.06591796875,0.654296875
1092,0.10009765625,-0.36865234375,0.07080078125,0.64697265625
1093,0.10009765625,-0.36865234375,0.07568359375,0.64208984375
1094,0.10009765625,-0.36865234375,0.07568359375,0.63720703125
1095,0.10009765625,-0.36865234375,0.078125,0.63720703125
1096,0.10009765625,-0.36865234375,0.078125,0.63720703125
1097,0.10009765625,-0.36865234375,0.078125,0.63720703125
1098,0.10009765625,-0.36865234375,0.078125,0.63720703125
1099,0.10009765625,-0.36865234375,0.078125,0.63720703125
1100,0.10009765625,-0.36865234375,0.078125,0.63720703125
1101,0.10009765625,-0.36865234375,0.078125,0.634765625
1102,0.10009765625,-0.36865234375,0.08056640625,0.634765625
1103,0.10009765625,-0.36865234375,0.08056640625,0.63232421875
1104,0.10009765625,-0.36865234375,0.08056640625,0.63232421875
1105,0.10009765625,-0.36865234375,0.08056640625,0.6298828125
1106,0.10009765625,-0.36865234375,0.08056640625,0.62744140625
1107,0.10009765625,-0.36865234375,0.07568359375,0.61279296875
1108,0.10009765625,-0.36865234375,0.068359375,0.59814453125
1109,0.10009765625,-0.36865234375,0.05859375,0.57373046875
1110,0.10009765625,-0.36865234375,0.0537109375,0.5615234375
1111,0.10009765625,-0.36865234375,0.0537109375,0.5615234375
1112,0.10009765625,-0.36865234375,0.0537109375,0.5615234375
1113,0.10009765625,-0.36865234375,0.0537109375,0.55908203125
1114,0.10009765625,-0.36865234375,0.0537109375,0.55908203125
1115,0.10009765625,-0.36865234375,0.0537109375,0.55908203125
1116,0.10009765625,-0.36865234375,0.05126953125,0.556640625
1117,0.10009765625,-0.36865234375,0.048828125,0.546875
1118,0.10009765625,-0.36865234375,0.04638671875,0.546875
1119,0.10009765625,-0.36865234375,0.04638671875,0.546875
1120,0.10009765625,-0.36865234375,0.04638671875,0.546875
1121,0.10009765625,-0.36865234375,0.04638671875,0.54443359375
1122,0.10009765625,-0.36865234375,0.04638671875,0.54443359375
1123,0.10009765625,-0.36865234375,0.04638671875,0.54443359375
1124,0.10009765625,-0.36865234375,0.04638671875,0.54443359375
1125,0.10009765625,-0.36865234375,0.04638671875,0.54443359375
1126,0.10009765625,-0.36865234375,0.04638671875,0.54443359375
1127,0.10009765625,-0.36865234375,0.04638671875,0.54443359375
1128,0.10009765625,-0.36865234375,0.04638671875,0.54443359375
1129,0.10009765625,-0.36865234375,0.04638671875,0.54443359375
1130,0.10009765625,-0.36865234375,0.04638671875,0.54443359375
1131,0.10009765625,-0.36865234375,0.04638671875,0.54443359375
1132,0.10009765625,-0.36865234375,0.04638671875,0.54443359375
1133,0.10009765625,-0.36865234375,0.04638671875,0.54443359375
1134,0.10009765625,-0.36865234375,0.04638671875,0.54443359375
1135,0.10009765625,-0.36865234375,0.04638671875,0.54443359375
1136,0.10009765625,-0.36865234375,0.04638671875,0.54443359375
1137,0.10009765625,-0.36865234375,0.04638671875,0.54443359375
1138,0.10009765625,-0.36865234375,0.04638671875,0.54443359375
1139,0.10009765625,-0.36865234375,0.04638671875,0.54443359375
1140,0.10009765625,-0.36865234375,0.04638671875,0.54443359375
1141,0.10009765625,-0.36865234375,0.04638671875,0.54443359375
1142,0.10009765625,-0.36865234375,0.04638671875,0.54443359375
1143,0.10009765625,-0.36865234375,0.04638671875,0.54443359375
1144,0.10009765625,-0.36865234375,0.04638671875,0.54443359375
1145,0.10009765625,-0.36865234375,0.04638671875,0.54443359375
1146,0.10009765625,-0.36865234375,0.04638671875,0.54443359375
1147,0.10009765625,-0.36865234375,0.04638671875,0.54443359375
1148,0.10009765625,-0.36865234375,0.04638671875,0.54443359375
1149,0.10009765625,-0.36865234375,0.04638671875,0.54443359375
1150,0.10009765625,-0.36865234375,0.04638671875,0.54443359375
1151,0.10009765625,-0.36865234375,0.04638671875,0.54443359375
1152,0.10009765625,-0.36865234375,0.04638671875,0.54443359375
1153,0.10009765625,-0.36865234375,0.04638671875,0.54443359375
1154,0.10009765625,-0.36865234375,0.04638671875,0.54443359375
1155,0.10009765625,-0.36865234375,0.04638671875,0.54443359375
1156,0.10009765625,-0.36865234375,0.04638671875,0.54443359375
1157,0.10009765625,-0.36865234375,0.04638671875,0.54443359375
1158,0.10009765625,-0.36865234375,0.04638671875,0.54443359375
1159,0.10009765625,-0.36865234375,0.04638671875,0.54443359375
1160,0.10009765625,-0.36865234375,0.04638671875,0.54443359375
1161,0.10009765625,-0.36865234375,0.04638671875,0.54443359375
1162,0.10009765625,-0.36865234375,0.04638671875,0.54443359375
1163,0.10009765625,-0.36865234375,0.04638671875,0.54443359375
1164,0.10009765625,-0.36865234375,0.04638671875,0.54443359375
1165,0.10009765625,-0.36865234375,0.04638671875,0.54443359375
1166,0.10009765625,-0.36865234375,0.04638671875,0.54443359375
1167,0.10009765625,-0.36865234375,0.04638671875,0.54443359375
1168,0.10009765625,-0.36865234375,0.04638671875,0.54443359375
1169,0.10009765625,-0.36865234375,0.04638671875,0.54443359375
1170,0.10009765625,-0.36865234375,0.04638671875,0.54443359375
1171,0.10009765625,-0.36865234375,0.04638671875,0.54443359375
1172,0.10009765625,-0.36865234375,0.04638671875,0.54443359375
1173,0.10009765625,-0.36865234375,0.04638671875,0.54443359375
1174,0.10009765625,-0.36865234375,0.04638671875,0.54443359375
1175,0.10009765625,-0.36865234375,0.04638671875,0.54443359375
1176,0.10009765625,-0.36865234375,0.04638671875,0.54443359375
1177,0.10009765625,-0.36865234375,0.04638671875,0.54443359375
1178,0.10009765625,-0.36865234375,0.04638671875,0.54443359375
1179,0.10009765625,-0.36865234375,0.04638671875,0.54443359375
1180,0.10009765625,-0.3662109375,0.04638671875,0.54443359375
1181,0.10009765625,-0.36376953125,0.04638671875,0.54443359375
1182,0.10009765625,-0.35888671875,0.04638671875,0.54443359375
1183,0.10009765625,-0.3515625,0.04638671875,0.54443359375
1184,0.10009765625,-0.3466796875,0.04638671875,0.54443359375
1185,0.10009765625,-0.33203125,0.04638671875,0.54443359375
1186,0.1025390625,-0.302734375,0.04638671875,0.54443359375
1187,0.10498046875,-0.283203125,0.04638671875,0.54443359375
1188,0.107421875,-0.2685546875,0.04638671875,0.54443359375
1189,0.11474609375,-0.234375,0.04638671875,0.54443359375
1190,0.11962890625,-0.20751953125,0.04638671875,0.54443359375
1191,0.1220703125,-0.1904296875,0.04638671875,0.54443359375
1192,0.12451171875,-0.17578125,0.04638671875,0.54443359375
1193,0.12451171875,-0.1611328125,0.04638671875,0.54443359375
1194,0.12451171875,-0.146484375,0.04638671875,0.54443359375
1195,0.12451171875,-0.13427734375,0.04638671875,0.54443359375
1196,0.12451171875,-0.1171875,0.04638671875,0.54443359375
1197,0.12451171875,-0.10498046875,0.04638671875,0.54443359375
1198,0.12451171875,-0.09521484375,0.04638671875,0.54443359375
1199,0.12451171875,-0.09521484375,0.04638671875,0.54443359375
1200,0.12451171875,-0.09521484375,0.04638671875,0.54443359375
1201,0.12451171875,-0.09521484375,0.04638671875,0.54443359375
1202,0.12451171875,-0.09521484375,0.04638671875,0.54443359375
1203,0.12451171875,-0.09521484375,0.04638671875,0.54443359375
1204,0.12451171875,-0.09521484375,0.04638671875,0.54443359375
1205,0.12451171875,-0.09521484375,0.04638671875,0.54443359375
1206,0.12451171875,-0.09521484375,0.04638671875,0.54443359375
1207,0.12451171875,-0.09521484375,0.04638671875,0.54443359375
1208,0.12451171875,-0.09521484375,0.04638671875,0.54443359375
1209,0.12451171875,-0.09521484375,0.04638671875,0.54443359375
1210,0.12451171875,-0.09521484375,0.04638671875,0.54443359375
1211,0.12451171875,-0.09521484375,0.04638671875,0.54443359375
1212,0.12451171875,-0.09521484375,0.04638671875,0.54443359375
1213,0.12451171875,-0.09521484375,0.04638671875,0.54443359375
1214,0.12451171875,-0.09521484375,0.04638671875,0.54443359375
1215,0.12451171875,-0.0927734375,0.04638671875,0.54443359375
1216,0.12451171875,-0.087890625,0.04638671875,0.54443359375
1217,0.12451171875,-0.08056640625,0.04638671875,0.54443359375
1218,0.12451171875,-0.0732421875,0.04638671875,0.54443359375
1219,0.12451171875,-0.06591796875,0.04638671875,0.54443359375
1220,0.12451171875,-0.05859375,0.04638671875,0.54443359375
1221,0.12451171875,-0.04638671875,0.04638671875,0.54443359375
1222,0.1220703125,-0.0341796875,0.04638671875,0.54443359375
1223,0.1171875,-0.0146484375,0.04638671875,0.54443359375
1224,0.1171875,0.00244140625,0.04638671875,0.54443359375
1225,0.1171875,0.009765625,0.04638671875,0.54443359375
1226,0.1171875,0.009765625,0.04638671875,0.54443359375
1227,0.11962890625,0.009765625,0.04638671875,0.54443359375
1228,0.11962890625,0.009765625,0.04638671875,0.54443359375
1229,0.11962890625,0.00732421875,0.04638671875,0.54443359375
1230,0.1220703125,0.00732421875,0.04638671875,0.54443359375
1231,0.1220703125,0.00732421875,0.04638671875,0.54443359375
1232,0.1220703125,0.00732421875,0.04638671875,0.54443359375
1233,0.1220703125,0.00732421875,0.04638671875,0.54443359375
1234,0.1220703125,0.00732421875,0.04638671875,0.54443359375
1235,0.1220703125,0.00732421875,0.04638671875,0.54443359375
1236,0.1220703125,0.00732421875,0.04638671875,0.54443359375
1237,0.12451171875,0.00732421875,0.04638671875,0.54443359375
1238,0.12939453125,0.00732421875,0.04638671875,0.54443359375
1239,0.13916015625,0.0048828125,0.04638671875,0.54443359375
1240,0.146484375,0.00244140625,0.04638671875,0.54443359375
1241,0.15380859375,0.00244140625,0.04638671875,0.54443359375
1242,0.166015625,0.00244140625,0.04638671875,0.54443359375
1243,0.19775390625,0.01708984375,0.04638671875,0.54443359375
1244,0.2197265625,0.02685546875,0.04638671875,0.54443359375
1245,0.23681640625,0.03173828125,0.04638671875,0.54443359375
1246,0.24658203125,0.03173828125,0.04638671875,0.54443359375
1247,0.24658203125,0.03173828125,0.04638671875,0.54443359375
1248,0.24658203125,0.029296875,0.04638671875,0.54443359375
1249,0.25146484375,0.01220703125,0.04638671875,0.54443359375
1250,0.26123046875,-0.02685546875,0.04638671875,0.54443359375
1251,0.26611328125,-0.05615234375,0.04638671875,0.54443359375
1252,0.2734375,-0.09521484375,0.04638671875,0.54443359375
1253,0.27099609375,-0.10986328125,0.04638671875,0.54443359375
1254,0.2099609375,-0.107421875,0.04638671875,0.54443359375
1255,0.10498046875,-0.08544921875,0.04638671875,0.54443359375
1256,0.009765625,-0.05859375,0.04638671875,0.54443359375
1257,-0.0634765625,-0.03662109375,0.04638671875,0.54443359375
1258,-0.08544921875,-0.0390625,0.04638671875,0.54443359375
1259,-0.09765625,-0.04638671875,0.04638671875,0.54443359375
1260,-0.11474609375,-0.05859375,0.04638671875,0.54443359375
1261,-0.1513671875,-0.068359375,0.04638671875,0.54443359375
1262,-0.2294921875,-0.07568359375,0.04638671875,0.54443359375
1263,-0.28564453125,-0.07568359375,0.04638671875,0.54443359375
1264,-0.32958984375,-0.0732421875,0.04638671875,0.54443359375
1265,-0.33935546875,-0.0732421875,0.04638671875,0.54443359375
1266,-0.33447265625,-0.07568359375,0.04638671875,0.54443359375
1267,-0.3173828125,-0.0830078125,0.04638671875,0.54443359375
1268,-0.2685546875,-0.10498046875,0.04638671875,0.54443359375
1269,-0.08544921875,-0.21484375,0.04638671875,0.54443359375
1270,0.0048828125,-0.27099609375,0.04638671875,0.54443359375
1271,0.068359375,-0.29052734375,0.04638671875,0.54443359375
1272,0.1220703125,-0.2783203125,0.04638671875,0.54443359375
1273,0.1318359375,-0.27099609375,0.04638671875,0.54443359375
1274,0.0927734375,-0.2490234375,0.04638671875,0.54443359375
1275,-0.03662109375,-0.224609375,0.04638671875,0.54443359375
1276,-0.0830078125,-0.22705078125,0.04638671875,0.54443359375
1277,-0.0830078125,-0.23193359375,0.04638671875,0.54443359375
1278,0.0244140625,-0.2587890625,0.04638671875,0.54443359375
1279,0.283203125,-0.3173828125,0.04638671875,0.54443359375
1280,0.3759765625,-0.34912109375,0.04638671875,0.54443359375
1281,0.4345703125,-0.37109375,0.04638671875,0.54443359375
1282,0.4541015625,-0.37109375,0.04638671875,0.54443359375
1283,0.478515625,-0.35400390625,0.04638671875,0.54443359375
1284,0.50048828125,-0.33935546875,0.04638671875,0.54443359375
1285,0.517578125,-0.32470703125,0.04638671875,0.54443359375
1286,0.5322265625,-0.3173828125,0.04638671875,0.54443359375
1287,0.5322265625,-0.3173828125,0.04638671875,0.54443359375
1288,0.52734375,-0.33203125,0.04638671875,0.54443359375
1289,0.52734375,-0.3466796875,0.04638671875,0.54443359375
1290,0.5322265625,-0.35888671875,0.04638671875,0.54443359375
1291,0.546875,-0.37841796875,0.04638671875,0.54443359375
1292,0.55419921875,-0.38330078125,0.04638671875,0.54443359375
1293,0.56884765625,-0.38818359375,0.04638671875,0.54443359375
1294,0.57861328125,-0.400390625,0.04638671875,0.54443359375
1295,0.57861328125,-0.4150390625,0.04638671875,0.54443359375
1296,0.58349609375,-0.419921875,0.04638671875,0.54443359375
1297,0.595703125,-0.42236328125,0.04638671875,0.54443359375
1298,0.60546875,-0.42236328125,0.04638671875,0.54443359375
1299,0.6201171875,-0.419921875,0.04638671875,0.54443359375
1300,0.62744140625,-0.4150390625,0.04638671875,0.54443359375
1301,0.62744140625,-0.4150390625,0.04638671875,0.54443359375
1302,0.62744140625,-0.4150390625,0.04638671875,0.54443359375
1303,0.62744140625,-0.4150390625,0.04638671875,0.54443359375
1304,0.62744140625,-0.41259765625,0.04638671875,0.54443359375
1305,0.62744140625,-0.41259765625,0.04638671875,0.54443359375
1306,0.62744140625,-0.41259765625,0.04638671875,0.54443359375
1307,0.62744140625,-0.41259765625,0.04638671875,0.54443359375
1308,0.62744140625,-0.41259765625,0.04638671875,0.54443359375
1309,0.6298828125,-0.41259765625,0.04638671875,0.54443359375
1310,0.63232421875,-0.4150390625,0.04638671875,0.54443359375
1311,0.63720703125,-0.419921875,0.04638671875,0.54443359375
1312,0.64208984375,-0.42236328125,0.04638671875,0.54443359375
1313,0.64697265625,-0.4248046875,0.04638671875,0.54443359375
1314,0.64697265625,-0.4248046875,0.04638671875,0.54443359375
1315,0.64697265625,-0.42724609375,0.04638671875,0.54443359375
1316,0.6494140625,-0.42724609375,0.04638671875,0.54443359375
1317,0.65185546875,-0.42724609375,0.04638671875,0.54443359375
1318,0.654296875,-0.42724609375,0.04638671875,0.54443359375
1319,0.65673828125,-0.42724609375,0.04638671875,0.54443359375
1320,0.6591796875,-0.42724609375,0.04638671875,0.54443359375
1321,0.66162109375,-0.42724609375,0.04638671875,0.54443359375
1322,0.66162109375,-0.42724609375,0.04638671875,0.54443359375
1323,0.6640625,-0.42724609375,0.04638671875,0.54443359375
1324,0.6640625,-0.42724609375,0.04638671875,0.54443359375
1325,0.6640625,-0.42724609375,0.04638671875,0.54443359375
1326,0.6640625,-0.42724609375,0.04638671875,0.54443359375
1327,0.6640625,-0.42724609375,0.04638671875,0.54443359375
1328,0.6640625,-0.42724609375,0.04638671875,0.54443359375
1329,0.6640625,-0.42724609375,0.04638671875,0.54443359375
1330,0.6640625,-0.42724609375,0.04638671875,0.54443359375
1331,0.6640625,-0.42724609375,0.04638671875,0.54443359375
1332,0.6640625,-0.42724609375,0.04638671875,0.54443359375
1333,0.6640625,-0.42724609375,0.04638671875,0.54443359375
1334,0.6640625,-0.42724609375,0.04638671875,0.54443359375
1335,0.6640625,-0.42724609375,0.04638671875,0.54443359375
1336,0.6640625,-0.42724609375,0.04638671875,0.54443359375
1337,0.6640625,-0.42724609375,0.04638671875,0.54443359375
1338,0.6640625,-0.42724609375,0.04638671875,0.54443359375
1339,0.66650390625,-0.42724609375,0.04638671875,0.54443359375
1340,0.66650390625,-0.42724609375,0.04638671875,0.54443359375
1341,0.66650390625,-0.42724609375,0.04638671875,0.54443359375
1342,0.66650390625,-0.42724609375,0.04638671875,0.54443359375
1343,0.66650390625,-0.42724609375,0.04638671875,0.54443359375
1344,0.66650390625,-0.42724609375,0.04638671875,0.5419921875
1345,0.66650390625,-0.42724609375,0.04638671875,0.5419921875
1346,0.66650390625,-0.42724609375,0.04638671875,0.5419921875
1347,0.66650390625,-0.42724609375,0.04638671875,0.5419921875
1348,0.66650390625,-0.42724609375,0.04638671875,0.53955078125
1349,0.66650390625,-0.42724609375,0.04638671875,0.53955078125
1350,0.66650390625,-0.42724609375,0.048828125,0.53955078125
1351,0.66650390625,-0.42724609375,0.048828125,0.537109375
1352,0.66650390625,-0.42724609375,0.048828125,0.537109375
1353,0.66650390625,-0.42724609375,0.05126953125,0.537109375
1354,0.66650390625,-0.42724609375,0.05126953125,0.537109375
1355,0.66650390625,-0.42724609375,0.05126953125,0.537109375
1356,0.66650390625,-0.42724609375,0.05126953125,0.537109375
1357,0.66650390625,-0.42724609375,0.05126953125,0.537109375
1358,0.66650390625,-0.42724609375,0.0390625,0.53955078125
1359,0.66650390625,-0.42724609375,0.02685546875,0.5419921875
1360,0.66650390625,-0.42724609375,0.01708984375,0.53955078125
1361,0.66650390625,-0.42724609375,0.0146484375,0.537109375
1362,0.66650390625,-0.42724609375,0.01220703125,0.537109375
1363,0.66650390625,-0.42724609375,0.01220703125,0.537109375
1364,0.66650390625,-0.42724609375,0.01220703125,0.537109375
1365,0.66650390625,-0.42724609375,0.009765625,0.53466796875
1366,0.66650390625,-0.42724609375,0.0048828125,0.5322265625
1367,0.66650390625,-0.42724609375,-0.00244140625,0.5322265625
1368,0.66650390625,-0.42724609375,-0.0048828125,0.5322265625
1369,0.66650390625,-0.42724609375,-0.0048828125,0.5322265625
1370,0.66650390625,-0.42724609375,-0.0048828125,0.5322265625
1371,0.66650390625,-0.42724609375,-0.0048828125,0.5322265625
1372,0.66650390625,-0.42724609375,-0.0048828125,0.5322265625
1373,0.66650390625,-0.42724609375,-0.0048828125,0.5322265625
1374,0.66650390625,-0.42724609375,-0.009765625,0.5322265625
1375,0.66650390625,-0.42724609375,-0.01220703125,0.53466796875
1376,0.66650390625,-0.42724609375,-0.01220703125,0.53466796875
1377,0.66650390625,-0.42724609375,-0.01220703125,0.53466796875
1378,0.66650390625,-0.42724609375,-0.0146484375,0.53466796875
1379,0.66650390625,-0.42724609375,-0.01708984375,0.53466796875
1380,0.66650390625,-0.42724609375,-0.02197265625,0.537109375
1381,0.66650390625,-0.42724609375,-0.02685546875,0.537109375
1382,0.6640625,-0.4443359375,-0.03173828125,0.53466796875
1383,0.65673828125,-0.4736328125,-0.03662109375,0.53466796875
1384,0.64697265625,-0.50537109375,-0.0390625,0.53466796875
1385,0.64453125,-0.52001953125,-0.0390625,0.53466796875
1386,0.64453125,-0.52734375,-0.04150390625,0.53466796875
1387,0.64453125,-0.5322265625,-0.04150390625,0.53466796875
1388,0.64453125,-0.53466796875,-0.0439453125,0.537109375
1389,0.64453125,-0.53955078125,-0.04638671875,0.537109375
1390,0.64453125,-0.54443359375,-0.04638671875,0.537109375
1391,0.64208984375,-0.5517578125,-0.04638671875,0.537109375
1392,0.64208984375,-0.556640625,-0.04638671875,0.537109375
1393,0.64208984375,-0.5615234375,-0.04638671875,0.537109375
1394,0.64208984375,-0.5712890625,-0.04638671875,0.537109375
1395,0.64453125,-0.5908203125,-0.04638671875,0.537109375
1396,0.64453125,-0.60302734375,-0.04638671875,0.537109375
1397,0.64453125,-0.60546875,-0.04638671875,0.537109375
1398,0.64453125,-0.60546875,-0.04638671875,0.537109375
1399,0.64453125,-0.60546875,-0.04638671875,0.537109375
1400,0.64453125,-0.60546875,-0.04638671875,0.537109375
1401,,,-0.04638671875,0.537109375
1402,,,-0.04638671875,0.537109375
1403,,,-0.04638671875,0.537109375
1404,,,-0.04638671875,0.537109375
1405,,,-0.04638671875,0.537109375
1406,,,-0.04638671875,0.537109375
1407,,,-0.04638671875,0.537109375
1408,,,-0.04638671875,0.537109375
1409,,,-0.04638671875,0.537109375
1410,,,-0.04638671875,0.537109375
1411,,,-0.04638671875,0.537109375
1412,,,-0.04638671875,0.537109375
1413,,,-0.04638671875,0.537109375
1414,,,-0.04638671875,0.537109375
1415,,,-0.04638671875,0.537109375
1416,,,-0.04638671875,0.537109375
1417,,,-0.04638671875,0.537109375
1418,,,-0.04638671875,0.537109375
1419,,,-0.04638671875,0.537109375
1420,,,-0.04638671875,0.537109375
1421,,,-0.04638671875,0.537109375
1422,,,-0.04638671875,0.537109375
1423,,,-0.04638671875,0.537109375
1424,,,-0.04638671875,0.537109375
1425,,,-0.04638671875,0.537109375
1426,,,-0.04638671875,0.537109375
1427,,,-0.04638671875,0.537109375
1428,,,-0.04638671875,0.537109375
1429,,,-0.04638671875,0.537109375
1430,,,-0.048828125,0.53466796875
1431,,,-0.048828125,0.5322265625
1432,,,-0.05126953125,0.52978515625
1433,,,-0.05126953125,0.52978515625
1434,,,-0.05126953125,0.52490234375
1435,,,-0.05126953125,0.5224609375
1436,,,-0.0537109375,0.52001953125
1437,,,-0.0537109375,0.517578125
1438,,,-0.0537109375,0.51513671875
1439,,,-0.0537109375,0.51513671875
1440,,,-0.0537109375,0.51513671875
1441,,,-0.0537109375,0.51513671875
1442,,,-0.0537109375,0.51513671875
1443,,,-0.0537109375,0.51513671875
1444,,,-0.0537109375,0.51513671875
1445,,,-0.0537109375,0.51513671875
1446,,,-0.0537109375,0.51513671875
1447,,,-0.0537109375,0.51513671875
1448,,,-0.0537109375,0.5126953125
1449,,,-0.0537109375,0.51025390625
1450,,,-0.0537109375,0.51025390625
1451,,,-0.0537109375,0.5078125
1452,,,-0.05615234375,0.50537109375
1453,,,-0.05615234375,0.50048828125
1454,,,-0.05615234375,0.49560546875
1455,,,-0.05615234375,0.49072265625
1456,,,-0.05615234375,0.48828125
1457,,,-0.05615234375,0.4833984375
1458,,,-0.05859375,0.4736328125
1459,,,-0.05859375,0.46630859375
1460,,,-0.05859375,0.4541015625
1461,,,-0.05859375,0.44677734375
1462,,,-0.05859375,0.4345703125
1463,,,-0.06103515625,0.4248046875
1464,,,-0.0634765625,0.419921875
1465,,,-0.0634765625,0.41748046875
1466,,,-0.0634765625,0.41259765625
1467,,,-0.0634765625,0.4052734375
1468,,,-0.05859375,0.390625
1469,,,-0.05859375,0.3857421875
1470,,,-0.05859375,0.38330078125
1471,,,-0.05859375,0.38330078125
1472,,,-0.05615234375,0.3857421875
1473,,,-0.0537109375,0.390625
1474,,,-0.048828125,0.4052734375
1475,,,-0.0439453125,0.41748046875
1476,,,-0.04150390625,0.4248046875
1477,,,-0.0390625,0.43212890625
1478,,,-0.03662109375,0.4443359375
1479,,,-0.029296875,0.46875
1480,,,-0.02685546875,0.48095703125
1481,,,-0.02685546875,0.48583984375
1482,,,-0.02685546875,0.48828125
1483,,,-0.02685546875,0.48828125
1484,,,-0.02685546875,0.48828125
1485,,,-0.02685546875,0.48828125
1486,,,-0.02685546875,0.48828125
1487,,,-0.02685546875,0.48828125
1488,,,-0.02685546875,0.48828125
1489,,,-0.02685546875,0.48828125
1490,,,-0.02685546875,0.48828125
1491,,,-0.02685546875,0.48828125
1492,,,-0.02685546875,0.48828125
1493,,,-0.02685546875,0.48828125
1494,,,-0.02685546875,0.48828125
1495,,,-0.02685546875,0.48828125
1496,,,-0.02685546875,0.48828125
1497,,,-0.02685546875,0.48828125
1498,,,-0.02685546875,0.48828125
1499,,,-0.02685546875,0.48828125
1500,,,-0.0244140625,0.49072265625
1501,,,-0.0244140625,0.49560546875
1502,,,-0.0244140625,0.49560546875
1503,,,-0.0244140625,0.49560546875
1504,,,-0.0244140625,0.49560546875
1505,,,-0.0244140625,0.49560546875
1506,,,-0.02197265625,0.49560546875
1507,,,-0.02197265625,0.49560546875
1508,,,-0.0244140625,0.498046875
1509,,,-0.03173828125,0.50048828125
1510,,,-0.0537109375,0.51025390625
1511,,,-0.07568359375,0.5126953125
1512,,,-0.09033203125,0.51025390625
1513,,,-0.0927734375,0.5078125
1514,,,-0.09521484375,0.5078125
1515,,,-0.10498046875,0.5078125
1516,,,-0.1220703125,0.50537109375
1517,,,-0.13671875,0.5029296875
1518,,,-0.15625,0.50048828125
1519,,,-0.1611328125,0.50048828125
1520,,,-0.16357421875,0.50048828125
1521,,,-0.166015625,0.50048828125
1522,,,-0.17578125,0.498046875
1523,,,-0.17822265625,0.498046875
1524,,,-0.1806640625,0.498046875
1525,,,-0.1806640625,0.498046875
1526,,,-0.1806640625,0.498046875
1527,,,-0.1806640625,0.498046875
1528,,,-0.1806640625,0.498046875
1529,,,-0.1806640625,0.498046875
1530,,,-0.1806640625,0.498046875
1531,,,-0.17822265625,0.49560546875
1532,,,-0.17822265625,0.49560546875
1533,,,-0.17822265625,0.49560546875
1534,,,-0.17822265625,0.49560546875
1535,,,-0.17822265625,0.49560546875
1536,,,-0.17822265625,0.49560546875
1537,,,-0.17578125,0.498046875
1538,,,-0.17578125,0.498046875
1539,,,-0.17578125,0.498046875
1540,,,-0.17578125,0.498046875
1541,,,-0.17578125,0.498046875
1542,,,-0.17578125,0.498046875
1543,,,-0.18310546875,0.498046875
1544,,,-0.1904296875,0.498046875
1545,,,-0.19775390625,0.50048828125
1546,,,-0.20263671875,0.50048828125
1547,,,-0.205078125,0.50048828125
1548,,,-0.20751953125,0.50048828125
1549,,,-0.2099609375,0.50048828125
1550,,,-0.21240234375,0.50048828125
1551,,,-0.21484375,0.5029296875
1552,,,-0.21484375,0.5029296875
1553,,,-0.21484375,0.5029296875
1554,,,-0.21484375,0.5029296875
1555,,,-0.21484375,0.5029296875
1556,,,-0.21484375,0.5029296875
1557,,,-0.21484375,0.5029296875
1558,,,-0.21484375,0.5029296875
1559,,,-0.21484375,0.5029296875
1560,,,-0.21484375,0.5029296875
1561,,,-0.21484375,0.5029296875
1562,,,-0.21484375,0.5029296875
1563,,,-0.21484375,0.5029296875
1564,,,-0.21484375,0.5029296875
1565,,,-0.21484375,0.5029296875
1566,,,-0.21484375,0.5029296875
1567,,,-0.21484375,0.5029296875
1568,,,-0.21484375,0.5029296875
1569,,,-0.21484375,0.5029296875
1570,,,-0.21484375,0.5029296875
1571,,,-0.21484375,0.5029296875
1572,,,-0.21484375,0.5029296875
1573,,,-0.21484375,0.5029296875
1574,,,-0.21484375,0.5029296875
1575,,,-0.21484375,0.5029296875
1576,,,-0.21484375,0.5029296875
1577,,,-0.21484375,0.5029296875
1578,,,-0.21484375,0.5029296875
1579,,,-0.21484375,0.5029296875
1580,,,-0.21484375,0.5029296875
1581,,,-0.21484375,0.5029296875
1582,,,-0.21484375,0.5029296875
1583,,,-0.21484375,0.5029296875
1584,,,-0.21484375,0.5029296875
1585,,,-0.21484375,0.5029296875
1586,,,-0.21484375,0.5029296875
1587,,,-0.21484375,0.5029296875
1588,,,-0.21484375,0.5029296875
1589,,,-0.21484375,0.5029296875
1590,,,-0.2197265625,0.5029296875
1591,,,-0.22216796875,0.50048828125
1592,,,-0.22705078125,0.50048828125
1593,,,-0.2294921875,0.50048828125
1594,,,-0.23193359375,0.50048828125
1595,,,-0.234375,0.50048828125
1596,,,-0.23681640625,0.50048828125
1597,,,-0.23681640625,0.50048828125
1598,,,-0.23681640625,0.50048828125
1599,,,-0.23681640625,0.50048828125
1600,,,-0.2392578125,0.50048828125
1601,,,-0.2392578125,0.50048828125
1602,,,-0.2392578125,0.50048828125
1603,,,-0.2392578125,0.50048828125
1604,,,-0.2392578125,0.50048828125
1605,,,-0.2392578125,0.50048828125
1606,,,-0.2392578125,0.50048828125
1607,,,-0.2392578125,0.50048828125
1608,,,-0.24169921875,0.50048828125
1609,,,-0.24169921875,0.50048828125
1610,,,-0.24169921875,0.50048828125
1611,,,-0.24169921875,0.50048828125
1612,,,-0.24169921875,0.50048828125
1613,,,-0.24169921875,0.50048828125
1614,,,-0.24169921875,0.50048828125
1615,,,-0.24169921875,0.50048828125
1616,,,-0.24169921875,0.50048828125
1617,,,-0.24169921875,0.50048828125
1618,,,-0.24169921875,0.50048828125
1619,,,-0.24169921875,0.50048828125
1620,,,-0.24169921875,0.50048828125
1621,,,-0.24169921875,0.50048828125
1622,,,-0.24169921875,0.50048828125
1623,,,-0.24169921875,0.50048828125
1624,,,-0.24169921875,0.50048828125
1625,,,-0.24169921875,0.50048828125
1626,,,-0.24169921875,0.50048828125
1627,,,-0.24169921875,0.50048828125
1628,,,-0.24169921875,0.50048828125
1629,,,-0.24169921875,0.50048828125
1630,,,-0.24169921875,0.50048828125
1631,,,-0.24169921875,0.50048828125
1632,,,-0.24169921875,0.50048828125
1633,,,-0.24169921875,0.50048828125
1634,,,-0.24169921875,0.50048828125
1635,,,-0.24169921875,0.50048828125
1636,,,-0.24169921875,0.50048828125
1637,,,-0.24169921875,0.50048828125
1638,,,-0.24169921875,0.50048828125
1639,,,-0.24169921875,0.50048828125
1640,,,-0.24169921875,0.50048828125
1641,,,-0.24169921875,0.50048828125
1642,,,-0.24169921875,0.50048828125
1643,,,-0.24169921875,0.50048828125
1644,,,-0.24169921875,0.50048828125
1645,,,-0.24169921875,0.50048828125
1646,,,-0.24169921875,0.50048828125
1647,,,-0.24169921875,0.50048828125
1648,,,-0.24169921875,0.50048828125
1649,,,-0.24169921875,0.50048828125
1650,,,-0.24169921875,0.50048828125
1651,,,-0.24169921875,0.50048828125
1652,,,-0.24169921875,0.50048828125
